# name	c_md5	rust_md5	tool_md5	verdict	detail
access_map_in_map	97e3bfd90e68fc0b34a31cce06afd882	dfeef5db72868c64338548f4879becb0	207e138651794e83c160dadf03ff8fa6	TIMEOUT	seeded from sweep-2026-09-05-577.tsv
arena_atomics	3afe1cc62ce9f1948a7b3230c8e29842	ee49d0fa6de74f9370097b98a720e2a8	207e138651794e83c160dadf03ff8fa6	EQUIV	seeded from sweep-2026-09-05-577.tsv
arena_htab	9377e183a7b52fc2acaca6c0f3ffc017	c7c1c4aecad571c593f931795c6fb28d	207e138651794e83c160dadf03ff8fa6	BAIL	seeded from sweep-2026-09-05-577.tsv
arena_htab_asm	7bcbfd88e237e8eb9778ef6c763354f9	f0c0c643408597a4dbb2fb6f754ca086	207e138651794e83c160dadf03ff8fa6	BAIL	seeded from sweep-2026-09-05-577.tsv
arena_list	5dc2d718b42bf077f105b7b31ab5e64b	763a235869ca1b51fab78802b54128b9	207e138651794e83c160dadf03ff8fa6	TIMEOUT	seeded from sweep-2026-09-05-577.tsv
arena_spin_lock	145a6fb082023c6642f9c61155e675b8	cda4f03fe2939b43edb009c187997afb	207e138651794e83c160dadf03ff8fa6	BAIL	seeded from sweep-2026-09-05-577.tsv
arena_strsearch	1e540ca59a813f05010492ea3ca5da76	70d57aa4a8fe6e50475d40f9c9376f94	207e138651794e83c160dadf03ff8fa6	BAIL	seeded from sweep-2026-09-05-577.tsv
atomic_bounds	68b076fc8d79ee04bc3227aab31ee1ec	8db2b5061ef8220e353c16dfc4949e3a	207e138651794e83c160dadf03ff8fa6	EQUIV	seeded from sweep-2026-09-05-577.tsv
atomics	570d8030ba94e03f58313c5ac62226cf	ab17b4ea4d50b245552d76670de06a54	207e138651794e83c160dadf03ff8fa6	EQUIV	seeded from sweep-2026-09-05-577.tsv
bad_struct_ops	609c8e6236dfb2a8dad17d2197323f0d	a8a5e26955150d2a38937ee1e373bcf1	207e138651794e83c160dadf03ff8fa6	EQUIV	seeded from sweep-2026-09-05-577.tsv
bad_struct_ops2	4da2b18fe472516e9d01bca3019db359	88398e4c36ee756302566b5546bb615d	207e138651794e83c160dadf03ff8fa6	EQUIV	seeded from sweep-2026-09-05-577.tsv
bind4_prog	743564c0a16bf4265d9e8c5a50c312cd	793b599f053d4ad3a41268ae7e30579d	207e138651794e83c160dadf03ff8fa6	EQUIV	seeded from sweep-2026-09-05-577.tsv
bind6_prog	d07dfc7366380f676073b8a1d5f88941	53746e2d8ab741025b262772fb304d1e	207e138651794e83c160dadf03ff8fa6	EQUIV	seeded from sweep-2026-09-05-577.tsv
bind_perm	87c7ad436d00123d9bd6fb0339e23ee9	1a796af45fabfdf3308f41f93908bab6	207e138651794e83c160dadf03ff8fa6	EQUIV	seeded from sweep-2026-09-05-577.tsv
bloom_filter_map	63c1905633a4875bd83a96e0a65f7d08	f095d8bd5e46fb188f235c8ce6fbfe70	207e138651794e83c160dadf03ff8fa6	BAIL	seeded from sweep-2026-09-05-577.tsv
bpf_cc_cubic	44941f47e38ceeaa24d83951087e9734	a56c9f8627c14de55f062cdb68c40093	207e138651794e83c160dadf03ff8fa6	TIMEOUT	seeded from sweep-2026-09-05-577.tsv
bpf_cubic	49fd0e325eb2b22f48842fd4953eeefb	60810cba4ed51a90693fa31031365be2	207e138651794e83c160dadf03ff8fa6	BAIL	seeded from sweep-2026-09-05-577.tsv
bpf_dctcp_release	c5fee8a3214e9b9f08d1689fae9dc747	0b747cd1a521eede9f42f9bd15a3f1d6	207e138651794e83c160dadf03ff8fa6	EQUIV	seeded from sweep-2026-09-05-577.tsv
bpf_flow	66e568833ac05773811770016f91e668	7f87f914a66ebde66b894c1c29cf0866	207e138651794e83c160dadf03ff8fa6	BAIL	seeded from sweep-2026-09-05-577.tsv
bpf_gotox	9ba27ffbbdbb4192954db4d3e0f60894	ac11b29027a44c68c0eca52abe5dbeff	207e138651794e83c160dadf03ff8fa6	EQUIV	seeded from sweep-2026-09-05-577.tsv
bpf_iter_bpf_array_map	7ad9132b4d82dafd994d380bda58feb8	9182322d48ee2756d7a8f5efb9d5a0d4	207e138651794e83c160dadf03ff8fa6	EQUIV	seeded from sweep-2026-09-05-577.tsv
bpf_iter_bpf_hash_map	d72b8d8b27d9d1c8486e909e4b2d2ebd	7995a085d91b02df3b58ca2a99c69b6e	207e138651794e83c160dadf03ff8fa6	UNKNOWN	seeded from sweep-2026-09-05-577.tsv
bpf_iter_bpf_link	94ff458effface36bec90b188bc81b3c	f1be1cc78393ad85b7ca12316f21a0b5	207e138651794e83c160dadf03ff8fa6	EQUIV	seeded from sweep-2026-09-05-577.tsv
bpf_iter_bpf_map	af8333b83dd759fc8c5b692445a9d095	d5e4d45548c1abfa602eda2ddd8a59bb	207e138651794e83c160dadf03ff8fa6	EQUIV	seeded from sweep-2026-09-05-577.tsv
bpf_iter_bpf_percpu_array_map	4e8e24a2b80b15f8f56b8c7224f8656a	fc419df2e67cbafe17a8b479cea612fc	207e138651794e83c160dadf03ff8fa6	EQUIV	seeded from sweep-2026-09-05-577.tsv
bpf_iter_bpf_percpu_hash_map	b31191aaee7eb8f95e47aac8318f2fe7	c781b00eb5d8e6502508d697683c42c8	207e138651794e83c160dadf03ff8fa6	EQUIV	seeded from sweep-2026-09-05-577.tsv
bpf_iter_bpf_rhash_map	c8764abdd7c3fc1a1c1af778d6260030	04df5822508fd343c4ba2381700851cc	207e138651794e83c160dadf03ff8fa6	EQUIV	seeded from sweep-2026-09-05-577.tsv
bpf_iter_bpf_sk_storage_helpers	42f2e4dd3705091ae119c114a2093f21	88d4b71bfb18d93d3a9a59bc7a221052	207e138651794e83c160dadf03ff8fa6	BAIL	seeded from sweep-2026-09-05-577.tsv
bpf_iter_bpf_sk_storage_map	1d653d20a0db7d1082058820949c749b	08eefe3ade3cfd6875f3a66dc7e58d1d	207e138651794e83c160dadf03ff8fa6	EQUIV	seeded from sweep-2026-09-05-577.tsv
bpf_iter_ipv6_route	56dc31eb6c87d2a83ddb77c21c37ad35	3215e600637db68c29c27327be980a4c	207e138651794e83c160dadf03ff8fa6	BAIL	seeded from sweep-2026-09-05-577.tsv
bpf_iter_ksym	9fd9468bf7e215aaa40940e8a41dd5b1	d5a9138f6525959a83c1aa8c0623f64a	207e138651794e83c160dadf03ff8fa6	UNKNOWN	seeded from sweep-2026-09-05-577.tsv
bpf_iter_map_elem	cae4bd4cda78743bffe03f8bebed836c	9b3016dadd701d2013934ee3e12d9549	207e138651794e83c160dadf03ff8fa6	EQUIV	seeded from sweep-2026-09-05-577.tsv
bpf_iter_netlink	11f48896752ce2aed186874663144f14	04a600135f02b675594729acc12951a8	207e138651794e83c160dadf03ff8fa6	BAIL	seeded from sweep-2026-09-05-577.tsv
bpf_iter_setsockopt	5abac06470b72a5982472535c5b05b0d	eb18080a54fac54336504e2a2be3a4e0	207e138651794e83c160dadf03ff8fa6	EQUIV	seeded from sweep-2026-09-05-577.tsv
bpf_iter_setsockopt_unix	1a3bb353d2d9b671beef689b59f5a479	25faaf9d020ea5730958b6fa0e57f692	207e138651794e83c160dadf03ff8fa6	EQUIV	seeded from sweep-2026-09-05-577.tsv
bpf_iter_sockmap	b4b7dade680879818db2cbc397ec6e17	9b3e7721a9c9b70c2a423d25c80d8114	207e138651794e83c160dadf03ff8fa6	EQUIV	seeded from sweep-2026-09-05-577.tsv
bpf_iter_task_btf	024d0fe5be9ceff83573169c5a3aeaf6	0905214774c71aa3dba61c3e39c58176	207e138651794e83c160dadf03ff8fa6	EQUIV	seeded from sweep-2026-09-05-577.tsv
bpf_iter_task_file	00a16405654966d7855c3dddba931529	1511da823a4899efa15871893a842f2f	207e138651794e83c160dadf03ff8fa6	EQUIV	seeded from sweep-2026-09-05-577.tsv
bpf_iter_task_stack	86924cb1a5b19f79b2ace29c2d59c824	fdb8d27030f0f9c915678db9f449b48f	207e138651794e83c160dadf03ff8fa6	BAIL	seeded from sweep-2026-09-05-577.tsv
bpf_iter_task_vmas	7f3fde488557092e1fa7f146be421fb1	6db43e574cf88863e27e74d53d48e602	207e138651794e83c160dadf03ff8fa6	EQUIV	seeded from sweep-2026-09-05-577.tsv
bpf_iter_tasks	62811688326578a620176ba69330b817	e41c50f99c4644369d14d62575ad5c54	207e138651794e83c160dadf03ff8fa6	EQUIV	seeded from sweep-2026-09-05-577.tsv
bpf_iter_tcp4	bda5e471d97b4b7540f1673cd1f9450b	d1a7ad05def01a7bb0e6a7e2e568f702	207e138651794e83c160dadf03ff8fa6	BAIL	seeded from sweep-2026-09-05-577.tsv
bpf_iter_tcp6	2ba5975106ac7bdcaa3b3683f2f8d61c	419c73007ea2b9a29a79fd51c61ad8d3	207e138651794e83c160dadf03ff8fa6	BAIL	seeded from sweep-2026-09-05-577.tsv
bpf_iter_test_kern1	849e870d77aa47475deb3cee68e0aac2	1bed625b0e48947866758c57c626b923	207e138651794e83c160dadf03ff8fa6	EQUIV	seeded from sweep-2026-09-05-577.tsv
bpf_iter_test_kern2	945d0e1846b0717209134ea89edba966	f37af3aaa557f23accf3a8318b6aea68	207e138651794e83c160dadf03ff8fa6	EQUIV	seeded from sweep-2026-09-05-577.tsv
bpf_iter_test_kern3	67b023f795dd970a546487659103b707	582eca3cca1dc2f10b013a559b91ac24	207e138651794e83c160dadf03ff8fa6	EQUIV	seeded from sweep-2026-09-05-577.tsv
bpf_iter_test_kern4	faf2c56d7d9577a3a643816e3170e3bc	34faccbe346f1efdc3a293bc07ec8028	207e138651794e83c160dadf03ff8fa6	EQUIV	seeded from sweep-2026-09-05-577.tsv
bpf_iter_test_kern5	81886e5f4c4fc401ebaecd82c6519ac6	2d06ba19388898e6b070f07945ad6bfc	207e138651794e83c160dadf03ff8fa6	EQUIV	seeded from sweep-2026-09-05-577.tsv
bpf_iter_test_kern6	d5c19f1bf3b19e473b06801934905c44	6c84319c5e74fedfcb0e51ed4ff6231a	207e138651794e83c160dadf03ff8fa6	EQUIV	seeded from sweep-2026-09-05-577.tsv
bpf_iter_udp4	ae1d471b46b0c9cc1d1da6c829a13d1f	4a9eb8c531e950590fe5c4764f13a07e	207e138651794e83c160dadf03ff8fa6	BAIL	seeded from sweep-2026-09-05-577.tsv
bpf_iter_udp6	4f412cf5264189f0242b94b13403abf7	3a9adec7cf46daf25077e78a0d8e92e8	207e138651794e83c160dadf03ff8fa6	BAIL	seeded from sweep-2026-09-05-577.tsv
bpf_iter_unix	59cf9e766196cd60dba12a2e678d35a8	ca8e5c42daba87d292b8bffbf47e59a4	207e138651794e83c160dadf03ff8fa6	BAIL	seeded from sweep-2026-09-05-577.tsv
bpf_iter_vma_offset	32426b82361d5090dd3ed9c52e802608	316f68e84b218c0f6e35e9a79db42a84	207e138651794e83c160dadf03ff8fa6	EQUIV	seeded from sweep-2026-09-05-577.tsv
bpf_loop	4d93eeca5d1d14b62a4b16506ede1331	747b9eecf84da85312c4c31f16f714f4	207e138651794e83c160dadf03ff8fa6	TIMEOUT	seeded from sweep-2026-09-05-577.tsv
bpf_loop_bench	ab953de9f1cd0d623160e207821837a8	cffc6b9c4f30210f8e5d9ee116d5fbb7	207e138651794e83c160dadf03ff8fa6	BAIL	seeded from sweep-2026-09-05-577.tsv
bpf_qdisc_dynptr_use_after_invalidate_clone	350377fdc0044319d3b86537b85476b0	4df91411caf03ad44ae19cc1957607d6	207e138651794e83c160dadf03ff8fa6	BAIL	seeded from sweep-2026-09-05-577.tsv
bpf_qdisc_fail__incompl_ops	b6605baad48cb7fa517e02982f2b3f98	1ad9d17148e9cf8ae308b473878eb684	207e138651794e83c160dadf03ff8fa6	EQUIV	seeded from sweep-2026-09-05-577.tsv
bpf_smc	15044b7b40bb032f7d5920d5805561a3	49cef6c750649d19aaafe0961165ff44	207e138651794e83c160dadf03ff8fa6	EQUIV	seeded from sweep-2026-09-05-577.tsv
bpf_syscall_macro	1a833602f73f41cb39d6d3214b9f10db	bb2fbe98837ab008eec8bc66f162f77c	207e138651794e83c160dadf03ff8fa6	BAIL	seeded from sweep-2026-09-05-577.tsv
bpf_tcp_nogpl	7b88a2fdf14967fb9e648278ef22961c	c0f332957a9d1bf087bf3395c537c3da	207e138651794e83c160dadf03ff8fa6	EQUIV	seeded from sweep-2026-09-05-577.tsv
bprm_opts	b61bbc9e0f6b124ed3dda4141aa71107	770cd2e2ad50dfbe4e2564c31f9c9441	207e138651794e83c160dadf03ff8fa6	EQUIV	seeded from sweep-2026-09-05-577.tsv
btf__core_reloc_misc	b86746cae0bed02f06902466eeb6b222	d6700763824aaffb914545f44434ed0f	207e138651794e83c160dadf03ff8fa6	NOPROGS	seeded from sweep-2026-09-05-577.tsv
btf_dump_test_case_syntax	c5e5ea31123bbfb288ba50a65eacbfd0	0f18dbd90aaa7ba3da96e06926d90fce	207e138651794e83c160dadf03ff8fa6	NOPROGS	seeded from sweep-2026-09-05-577.tsv
btf_type_tag	e00b76043e12778bfbdf347b0d398a9e	c5cb3da2c131641f21b21825dc5673f1	207e138651794e83c160dadf03ff8fa6	EQUIV	seeded from sweep-2026-09-05-577.tsv
btf_type_tag_percpu	e9d3c02e25c2a5dd323ce1c5b3a08edc	c2022f04d5f1547f73255b676472d612	207e138651794e83c160dadf03ff8fa6	EQUIV	seeded from sweep-2026-09-05-577.tsv
btf_type_tag_user	f1a52dfaa1a7d481c6af09d9c1525279	187b9ccdf643109c3f4b67f668602e86	207e138651794e83c160dadf03ff8fa6	EQUIV	seeded from sweep-2026-09-05-577.tsv
cg_storage_multi_egress_only	cfda81183b9799943386154afc6f22f3	58c6903fa5806636997846142451f679	207e138651794e83c160dadf03ff8fa6	EQUIV	seeded from sweep-2026-09-05-577.tsv
cg_storage_multi_isolated	07d1df8f078f23928d98d1fc44c0416b	1815e756843b46903cc5bff6a314cc5b	207e138651794e83c160dadf03ff8fa6	EQUIV	seeded from sweep-2026-09-05-577.tsv
cg_storage_multi_shared	182b8a8fbdcfa3fe53bf3577b5712aaa	8562738ee11973bc44ee5631625095b1	207e138651794e83c160dadf03ff8fa6	EQUIV	seeded from sweep-2026-09-05-577.tsv
cgroup_ancestor	b57ae4d07992e5a0b81d4cd1c131e732	6b94fab3add851dd6f89ad15e9f4b4f4	207e138651794e83c160dadf03ff8fa6	BAIL	seeded from sweep-2026-09-05-577.tsv
cgroup_getset_retval_getsockopt	99b6dc3119edb26831e1fffc8c560001	c95955bb2dea67c4445f4a0e07898d61	207e138651794e83c160dadf03ff8fa6	EQUIV	seeded from sweep-2026-09-05-577.tsv
cgroup_getset_retval_hooks	03a6569adff98f87d24e503cc0bbe654	9e11efdec74f9b67d07170efe945bce1	207e138651794e83c160dadf03ff8fa6	EQUIV	seeded from sweep-2026-09-05-577.tsv
cgroup_getset_retval_setsockopt	44241dc9fb660f22253235e5432e9f6a	612babf4bf799f399b00da49a124fd8a	207e138651794e83c160dadf03ff8fa6	EQUIV	seeded from sweep-2026-09-05-577.tsv
cgroup_hierarchical_stats	feb03a5904ff46d15cfc4bd4f7af4786	48fa3b7cb45bb8c8771b7ae1d1645dfe	207e138651794e83c160dadf03ff8fa6	UNKNOWN	seeded from sweep-2026-09-05-577.tsv
cgroup_iter	344fcf9bbbd7f9474ea03e246b3dc598	fc662629564a8813fc01a4ad1dda3fc5	207e138651794e83c160dadf03ff8fa6	EQUIV	seeded from sweep-2026-09-05-577.tsv
cgroup_iter_memcg	6aace2045481f83325c23b358d6393a6	436231dbed866932e75726da63f26403	207e138651794e83c160dadf03ff8fa6	BAIL	seeded from sweep-2026-09-05-577.tsv
cgroup_mprog	7c8474795812c22d46847a1552879d65	ee73aa23bea93d5c67808af55b7248f4	207e138651794e83c160dadf03ff8fa6	EQUIV	seeded from sweep-2026-09-05-577.tsv
cgroup_preorder	24b520394f5c91600686f227ede7b67f	219ffac704cd397fe51ba6b2d74e410d	207e138651794e83c160dadf03ff8fa6	EQUIV	seeded from sweep-2026-09-05-577.tsv
cgroup_skb_direct_packet_access	af6f90f9ef8b93a297f3dd1a1aea4b6d	30b381dd48a92c6c21d1e153ed4fdca1	207e138651794e83c160dadf03ff8fa6	EQUIV	seeded from sweep-2026-09-05-577.tsv
cgroup_skb_sk_lookup_kern	d935ecbec28929f9e68613439d374b01	66326b203497dbb719c74df98b605439	207e138651794e83c160dadf03ff8fa6	EQUIV	seeded from sweep-2026-09-05-577.tsv
cgroup_storage	afae7e050f055874cc0508b8cc07d908	e1bb5b1fa7517ee395be7feb01263676	207e138651794e83c160dadf03ff8fa6	EQUIV	seeded from sweep-2026-09-05-577.tsv
cgroup_tcp_skb	7bbc8e713b9246e047f0c232b2d8e513	53c84997c5d568fe7304806d9cc3608d	207e138651794e83c160dadf03ff8fa6	EQUIV	seeded from sweep-2026-09-05-577.tsv
cgrp_kfunc_success	dcf99a8e7c7c3b930da5d973c1542907	343c83e9effa7557b479be34535328bb	207e138651794e83c160dadf03ff8fa6	UNKNOWN	seeded from sweep-2026-09-05-577.tsv
cgrp_ls_attach_cgroup	b83988927e161aecd20582e425f6010e	2c5657d183b1180bf66a9ccc9267e234	207e138651794e83c160dadf03ff8fa6	EQUIV	seeded from sweep-2026-09-05-577.tsv
cgrp_ls_negative	a9cb2643b2e1a75d2b6f46275ace30a1	f183806e456765ddde8f4a154cbdbb88	207e138651794e83c160dadf03ff8fa6	EQUIV	seeded from sweep-2026-09-05-577.tsv
cgrp_ls_recursion	f3b24e89610294050c6b8d2395e3985c	68eaf158d56f2adf6afefb6efa574167	207e138651794e83c160dadf03ff8fa6	EQUIV	seeded from sweep-2026-09-05-577.tsv
cgrp_ls_sleepable	bd727d73ba2a35402ed09566f79a6b3c	be065780e3d17985d4e38ace1e8dfecd	207e138651794e83c160dadf03ff8fa6	EQUIV	seeded from sweep-2026-09-05-577.tsv
cgrp_ls_tp_btf	901b6c4c14e8c5a499ed0b3f0b8da583	063ea0b690cedd9fe8925d8c06bfb34d	207e138651794e83c160dadf03ff8fa6	EQUIV	seeded from sweep-2026-09-05-577.tsv
clone_attach_btf_id	63f691c19fcd25b438de7bca7086ca6f	80240c11e9d922e1d3eb9a8ab7350ef7	207e138651794e83c160dadf03ff8fa6	EQUIV	seeded from sweep-2026-09-05-577.tsv
connect4_dropper	b4ab2dd352b24b2e98ea88a8081009c8	e3c2e0d5341e1b37edae9cb1d630c346	207e138651794e83c160dadf03ff8fa6	EQUIV	seeded from sweep-2026-09-05-577.tsv
connect6_prog	dc20190d88d476b5fd75b730bc6811b3	b30b303381a5cadf499c36714927c895	207e138651794e83c160dadf03ff8fa6	EQUIV	seeded from sweep-2026-09-05-577.tsv
connect_force_port4	6f9721ed479745b94f37b563cc35e209	8b431257251f509f17bd18220e065302	207e138651794e83c160dadf03ff8fa6	EQUIV	seeded from sweep-2026-09-05-577.tsv
connect_force_port6	01b0b7ea998f8ef667defc699a15264f	786cb3a1787f3fb6ba846d939d172270	207e138651794e83c160dadf03ff8fa6	EQUIV	seeded from sweep-2026-09-05-577.tsv
connect_ping	3139a7fb1e2586f4b925b98c8f656125	477e0f0d6d613ffcabc376a503eb0657	207e138651794e83c160dadf03ff8fa6	EQUIV	seeded from sweep-2026-09-05-577.tsv
connect_unix_prog	97e533ee1e298c5fdda53b2d2904b8a2	1e529436ab884dd9cd3d631df00046e5	207e138651794e83c160dadf03ff8fa6	BAIL	seeded from sweep-2026-09-05-577.tsv
cpumask_success	2f0be0017feb00f1fc410b29317cd28b	60a0e9c0ed61ed741a8c160c99fcc87d	207e138651794e83c160dadf03ff8fa6	TIMEOUT	seeded from sweep-2026-09-05-577.tsv
csum_diff_test	5203dc0bc34df8f4459f0cd6f8275497	2c39ef256b1d544339edfee54bfd9bc3	207e138651794e83c160dadf03ff8fa6	EQUIV	seeded from sweep-2026-09-05-577.tsv
decap_sanity	57ef8077252c425889987a0a713c88b0	c8b38ae5017cdc47e873298af2961067	207e138651794e83c160dadf03ff8fa6	EQUIV	seeded from sweep-2026-09-05-577.tsv
dev_cgroup	ab88d18344100e22d95ae368a1316d73	0f250066ac4071a840c459389dd76136	207e138651794e83c160dadf03ff8fa6	EQUIV	seeded from sweep-2026-09-05-577.tsv
dmabuf_iter	5718b42d8d35c958cf541c2af62eaf27	27457132fccf7c9e16a82b4d3895c745	207e138651794e83c160dadf03ff8fa6	TIMEOUT	seeded from sweep-2026-09-05-577.tsv
dummy_st_ops_success	a77f6163b701b50e2ac84c7ec6d67b6e	061437adc1855bbabf5534a3900771bd	207e138651794e83c160dadf03ff8fa6	EQUIV	seeded from sweep-2026-09-05-577.tsv
empty_skb	f657e0885b873b48a142f3ad27cec6c2	e4e3a0e43506f2873039dc4f2e5d3a92	207e138651794e83c160dadf03ff8fa6	EQUIV	seeded from sweep-2026-09-05-577.tsv
epilogue_exit	53d940824a277e3c8c0ed5c87bf3562c	04bbffcffe4c3e88a2495521d07a2f91	207e138651794e83c160dadf03ff8fa6	EQUIV	seeded from sweep-2026-09-05-577.tsv
exceptions_ext	cdeb1bffae7004cf01e399ae07ea2dfa	52c735a286ae08bfabb19bdb7673ed99	207e138651794e83c160dadf03ff8fa6	EQUIV	seeded from sweep-2026-09-05-577.tsv
exhandler_kern	cd17992fa6eac3e00a885f2716c36722	b26091ea61d44323221c3328101ab601	207e138651794e83c160dadf03ff8fa6	EQUIV	seeded from sweep-2026-09-05-577.tsv
fd_htab_lookup	04d03b9c56a99f0243b320613dc2f9c8	08efbb038fa2a420bd4cbb5a54651b04	207e138651794e83c160dadf03ff8fa6	NOPROGS	seeded from sweep-2026-09-05-577.tsv
fentry_many_args	e127d3e094e24d414d1e45166b583555	519932b44bfd84c681595d82f959baac	207e138651794e83c160dadf03ff8fa6	EQUIV	seeded from sweep-2026-09-05-577.tsv
fentry_recursive	047ba58966228c466c06ed3567947a31	0d45e9438bf181fc286a8ccf4237c293	207e138651794e83c160dadf03ff8fa6	EQUIV	seeded from sweep-2026-09-05-577.tsv
fentry_recursive_target	6d6c3cf5becca5095497a92e2af133a1	30f3375f130e34048a29053c199d3379	207e138651794e83c160dadf03ff8fa6	EQUIV	seeded from sweep-2026-09-05-577.tsv
fentry_test	132aa29e6db4c0b7cf209b907991c619	e72292ba4e470cd515fafb7a30d97aac	207e138651794e83c160dadf03ff8fa6	EQUIV	seeded from sweep-2026-09-05-577.tsv
fexit_bpf2bpf	6588c25f81865558f600bcd5455724e7	bdaba01dc4a42107aba1d4568eaddcf6	207e138651794e83c160dadf03ff8fa6	BAIL	seeded from sweep-2026-09-05-577.tsv
fexit_bpf2bpf_simple	daf731c0ddb9ea154934ab67846a878f	347ce0f00bbbd39932e8574a9ced9329	207e138651794e83c160dadf03ff8fa6	EQUIV	seeded from sweep-2026-09-05-577.tsv
fexit_many_args	96b7d04b4f455bf4ace52bb343cc13d1	cbf83a5a168e270ca80dec072883a343	207e138651794e83c160dadf03ff8fa6	EQUIV	seeded from sweep-2026-09-05-577.tsv
fexit_sleep	94f2d72f710889bf7bb5b31bfa217782	936a97212c5166103cd0bb611e42bcea	207e138651794e83c160dadf03ff8fa6	EQUIV	seeded from sweep-2026-09-05-577.tsv
fexit_test	e9a1749fdfef3151f8984db1b46b7df3	a0cb020b10f1d10737323c1e01a1fa9e	207e138651794e83c160dadf03ff8fa6	EQUIV	seeded from sweep-2026-09-05-577.tsv
fib_lookup	5ec2d2995678f3052906e25f6dce737f	a528dcb8d747e484334beb40e2df6b99	207e138651794e83c160dadf03ff8fa6	UNKNOWN	seeded from sweep-2026-09-05-577.tsv
file_reader	3e83cf37b07dcbb22a20d76f5a191b4d	d628b2b421018baa190bb274f9cff0c6	207e138651794e83c160dadf03ff8fa6	BAIL	seeded from sweep-2026-09-05-577.tsv
find_vma_fail1	a2100fefdc477b9a5aa66b414f3e5d65	2102ede7f0b6eec9ff57938a2cfadb12	207e138651794e83c160dadf03ff8fa6	BAIL	seeded from sweep-2026-09-05-577.tsv
find_vma_fail2	70d9807400919cefd32f6574c4a6e9d2	da12dbe96490ffd583d408c42416906e	207e138651794e83c160dadf03ff8fa6	BAIL	seeded from sweep-2026-09-05-577.tsv
fmod_ret_freplace	da61e6bfc4eb0e3a58a4b9ca605e7c1e	4320849296c608976e1a6ab1252a69fe	207e138651794e83c160dadf03ff8fa6	EQUIV	seeded from sweep-2026-09-05-577.tsv
for_each_array_map_elem	046245ca74c0c91a2505750de207fe35	369fb2c8b01a82526640ececba37e8f9	207e138651794e83c160dadf03ff8fa6	EQUIV	seeded from sweep-2026-09-05-577.tsv
for_each_hash_map_elem	583aaaf5fe689cf48669f99600417d02	969483d850e92562865d76d61256e3c6	207e138651794e83c160dadf03ff8fa6	EQUIV	seeded from sweep-2026-09-05-577.tsv
for_each_hash_modify	75e70d8706ca3d64258e865a1c1ccdaa	5b14d6f9ed0125642861f09f2e3480d5	207e138651794e83c160dadf03ff8fa6	BAIL	seeded from sweep-2026-09-05-577.tsv
for_each_map_elem_write_key	7128f47995f0267ac02a132854be2aa2	2d5934e1111a16a78ae1dc4fc7a46647	207e138651794e83c160dadf03ff8fa6	EQUIV	seeded from sweep-2026-09-05-577.tsv
for_each_multi_maps	4ee5e3b827c2fa7f765499d07aa148e9	61bc13bbb7967863e12bf01abf5a5277	207e138651794e83c160dadf03ff8fa6	EQUIV	seeded from sweep-2026-09-05-577.tsv
free_timer	0c3d213323c4d16db1968f5e7f0317c6	26797419adc91adaf39270f27e781b1a	207e138651794e83c160dadf03ff8fa6	TIMEOUT	seeded from sweep-2026-09-05-577.tsv
freplace_attach_probe	c1fa84777c2f321ed3153f55be8ce975	6f59c2b05c12dbc1c260a88473f38a73	207e138651794e83c160dadf03ff8fa6	EQUIV	seeded from sweep-2026-09-05-577.tsv
freplace_connect4	a5b18b32a34eb1977defcd4b5531b08f	cea0ecc7e8cc3ef812d00d6750b127ba	207e138651794e83c160dadf03ff8fa6	EQUIV	seeded from sweep-2026-09-05-577.tsv
freplace_connect_v4_prog	a163a70aaba7a33ffe5eb2f9607c5670	ceebff119654112d972004bee65308e8	207e138651794e83c160dadf03ff8fa6	EQUIV	seeded from sweep-2026-09-05-577.tsv
freplace_dead_global_func	09520e82fa5972e0901ea40bc01e9b5b	b4dc08afe5b9527035be625a79af21d7	207e138651794e83c160dadf03ff8fa6	EQUIV	seeded from sweep-2026-09-05-577.tsv
freplace_get_constant	f87f99de0751942f6daf55705f0f664d	7a12efbb1a4ab6b910a90fed4e562a2b	207e138651794e83c160dadf03ff8fa6	EQUIV	seeded from sweep-2026-09-05-577.tsv
freplace_global_func	de02ed0dd76cf93c8969097fb3931311	5095ffe730775fde612ccc4c294abd21	207e138651794e83c160dadf03ff8fa6	EQUIV	seeded from sweep-2026-09-05-577.tsv
freplace_int_with_void	1623be9655b452c503dff7856ca1f286	68d5da11f9184f7f56833758a8227ae5	207e138651794e83c160dadf03ff8fa6	EQUIV	seeded from sweep-2026-09-05-577.tsv
freplace_progmap	56e75a8c7fa82e257b47446f14c6f1b5	04d4551dec6c6fc842b70a5173a59702	207e138651794e83c160dadf03ff8fa6	EQUIV	seeded from sweep-2026-09-05-577.tsv
freplace_unreliable_prog	f8c0d8a67838505f958c06696662805a	6ffc1f6ed9413e0b4aadb48c1d0e9d23	207e138651794e83c160dadf03ff8fa6	EQUIV	seeded from sweep-2026-09-05-577.tsv
freplace_void	6a843d7785ba6cb5912c09544a098cbc	16da1715a3bd421349ccbdaf4ce890a1	207e138651794e83c160dadf03ff8fa6	EQUIV	seeded from sweep-2026-09-05-577.tsv
fsession_test	500a71264a7f3860952e8d1c5305d233	0639df36f4f499abe97af07d7996cc02	207e138651794e83c160dadf03ff8fa6	EQUIV	seeded from sweep-2026-09-05-577.tsv
get_branch_snapshot	fde3d4aa1cf52ffe3e439bb94370e267	a643dd259051d61f2d7adee4436c2ec0	207e138651794e83c160dadf03ff8fa6	TIMEOUT	seeded from sweep-2026-09-05-577.tsv
get_cgroup_id_kern	3b9de131ff682d98a2d8c0000f06fa47	e74f4b9392311349fa1b9e8928c22744	207e138651794e83c160dadf03ff8fa6	EQUIV	seeded from sweep-2026-09-05-577.tsv
get_func_args_fsession_test	bf6f0750653b24a2a3f60d1b1a577acd	d3c41f08f22fa387f827e05bd42e9631	207e138651794e83c160dadf03ff8fa6	EQUIV	seeded from sweep-2026-09-05-577.tsv
get_func_args_test	ea86e357f6a80102c866b22f3c5fc88c	cb4bc76ca60e7739b0fe22a02fefa4bb	207e138651794e83c160dadf03ff8fa6	EQUIV	seeded from sweep-2026-09-05-577.tsv
get_func_ip_fsession_test	787332f2718da5ff6504db59ec2db647	d7d51e7a6afd4eb059fb4650e146cfc3	207e138651794e83c160dadf03ff8fa6	EQUIV	seeded from sweep-2026-09-05-577.tsv
get_func_ip_uprobe_test	7f8d18c7fde4b18ce3d3656830202bd9	0afbb35aafe44666cb5204d924e43cd8	207e138651794e83c160dadf03ff8fa6	EQUIV	seeded from sweep-2026-09-05-577.tsv
get_smp_processor_id	024475cb6647d3182db63195369ab42d	14dfdf9b404c20915e4caaeb8ac4252b	207e138651794e83c160dadf03ff8fa6	EQUIV	seeded from sweep-2026-09-05-577.tsv
getpeername4_prog	cd62d2eb0268215aca2e515d93761957	dcbc2f4535ec3586b4bbecc7a74abe08	207e138651794e83c160dadf03ff8fa6	EQUIV	seeded from sweep-2026-09-05-577.tsv
getpeername6_prog	efdfd574e7bec38f9f3af52178c17624	34a73489cc2ce0054763edfd03768497	207e138651794e83c160dadf03ff8fa6	EQUIV	seeded from sweep-2026-09-05-577.tsv
getpeername_unix_prog	8813df9e7816b929af5c21a5da1d5c51	a02f71099e0525e5cd9d973be784f669	207e138651794e83c160dadf03ff8fa6	BAIL	seeded from sweep-2026-09-05-577.tsv
getsockname4_prog	04f478c4e64b667f79aff0b02e86cbb0	039ea80011089c2789627e3eb25b16a4	207e138651794e83c160dadf03ff8fa6	EQUIV	seeded from sweep-2026-09-05-577.tsv
getsockname6_prog	8ad4ca48ea927632d2a9ed0c96d1d0f4	b7552709a9188897208c144eb47755b9	207e138651794e83c160dadf03ff8fa6	EQUIV	seeded from sweep-2026-09-05-577.tsv
getsockname_unix_prog	78727b0779a484c0fa9641f56cdd0a41	4501ccd457e18553c989a60340dac330	207e138651794e83c160dadf03ff8fa6	BAIL	seeded from sweep-2026-09-05-577.tsv
htab_reuse	b1f3be9737ffd7b344ffb426da1c8778	deda7b65185aa237053abfe1540e4c4d	207e138651794e83c160dadf03ff8fa6	NOPROGS	seeded from sweep-2026-09-05-577.tsv
htab_update	b68f5fb187ff5d13228d0fd9b7eb2ca6	ae86202cd471b612971500c8aa95f8b0	207e138651794e83c160dadf03ff8fa6	EQUIV	seeded from sweep-2026-09-05-577.tsv
icmp_send	e94923d6d1ee44968a406a80968583ca	044b6e2f100b0bf1201a71bb05cd5321	207e138651794e83c160dadf03ff8fa6	EQUIV	seeded from sweep-2026-09-05-577.tsv
ima	473fb2e0d49788bd7ad7acbc5ca5cd67	a1a010844e8152839191a95cd1b88675	207e138651794e83c160dadf03ff8fa6	EQUIV	seeded from sweep-2026-09-05-577.tsv
ip_check_defrag	eba983ca81b4e5b525cc10c4f6b3e9ea	6d8a5b9dabcb9a0f40e0acea6d707ee5	207e138651794e83c160dadf03ff8fa6	BAIL	seeded from sweep-2026-09-05-577.tsv
iters_css	f2c07e2894a95497b4feb9c0c98901a9	c92b0ef9b3d8d5208e9e39274e7c502c	207e138651794e83c160dadf03ff8fa6	BAIL	seeded from sweep-2026-09-05-577.tsv
iters_css_task	1125d96ffb74e69700feb8c1b63e1c60	c55b50678a7bd4faa6db04fb9644d0a3	207e138651794e83c160dadf03ff8fa6	TIMEOUT	seeded from sweep-2026-09-05-577.tsv
iters_num	88430808c07a89282812e093674d43c1	69570bd96149b55d3acbacd0f3b8ed30	207e138651794e83c160dadf03ff8fa6	TIMEOUT	seeded from sweep-2026-09-05-577.tsv
iters_task	e85b3b632cebf9aef07fbe4f790bfff2	9dcef3a1da1b890ccdce512d4edbeca9	207e138651794e83c160dadf03ff8fa6	BAIL	seeded from sweep-2026-09-05-577.tsv
jit_probe_mem	b2422b140daee248f03649cb3fda1b2d	e35dab7bccc6f85be23b45cb61a3d738	207e138651794e83c160dadf03ff8fa6	EQUIV	seeded from sweep-2026-09-05-577.tsv
kfree_skb	cf80be2cf625f47ac50c6411c3bdcaf2	586f57b4a6d21f7ae029af3cedd8f458	207e138651794e83c160dadf03ff8fa6	EQUIV	seeded from sweep-2026-09-05-577.tsv
kfunc_call_destructive	0d553a43f6eee907e3f9d0b5686677db	28b19c2b35631167d350db70a7ad499e	207e138651794e83c160dadf03ff8fa6	EQUIV	seeded from sweep-2026-09-05-577.tsv
kfunc_call_fail	1b71ece35c80ce87f781654832492082	6975538c6226246733e70452222d28d2	207e138651794e83c160dadf03ff8fa6	BAIL	seeded from sweep-2026-09-05-577.tsv
kfunc_call_race	69ce477a7941eebf12540ce4ef8bf863	5d39ca2236cda006e0b8a163362a42a4	207e138651794e83c160dadf03ff8fa6	EQUIV	seeded from sweep-2026-09-05-577.tsv
kfunc_call_test	8a01a4bd3851bee740d04a27eb83e53a	a013c48210022be06f314ab626e46d4f	207e138651794e83c160dadf03ff8fa6	BAIL	seeded from sweep-2026-09-05-577.tsv
kfunc_module_order	64d0b48be56b542405e586464a06c21f	0f54d697223c1196967d5c1032544fa2	207e138651794e83c160dadf03ff8fa6	EQUIV	seeded from sweep-2026-09-05-577.tsv
kmem_cache_iter	da2ddb64d59f0aac02695de24f0102a7	a956ba2bf76408b0c2580fcb7988c820	207e138651794e83c160dadf03ff8fa6	TIMEOUT	seeded from sweep-2026-09-05-577.tsv
kprobe_multi	cff791f7e835033c6b9acfb084443172	d974fab0f633a251ec10cebd77c9f83a	207e138651794e83c160dadf03ff8fa6	EQUIV	seeded from sweep-2026-09-05-577.tsv
kprobe_multi_empty	6c17c5c347e88e64908d7bd6c3b5bac4	bf84a6c42048d3edc2f137776a377833	207e138651794e83c160dadf03ff8fa6	EQUIV	seeded from sweep-2026-09-05-577.tsv
kprobe_multi_override	0103e5dcfe7edd37e4531ecf80c89958	c915b6c97482e2b46be3b8a922936f77	207e138651794e83c160dadf03ff8fa6	EQUIV	seeded from sweep-2026-09-05-577.tsv
kprobe_multi_session	0d4591eaa8f5070d519b1c68ae2f9552	ff3045711835a47a2a14285460bc6e0b	207e138651794e83c160dadf03ff8fa6	EQUIV	seeded from sweep-2026-09-05-577.tsv
kprobe_multi_session_cookie	49ca74e8d367f772e8dee5fc8f7080ae	c6f133762f7b28bb799ba36792ab0a72	207e138651794e83c160dadf03ff8fa6	EQUIV	seeded from sweep-2026-09-05-577.tsv
kprobe_multi_sleepable	d6b425465c7cb4610487e3fa8c4ffcdc	5050693f93f8135ee1ad1cbc108fa44b	207e138651794e83c160dadf03ff8fa6	EQUIV	seeded from sweep-2026-09-05-577.tsv
kprobe_write_ctx	70203df11b6355a02140826ed616b0c8	8fb9e8ad3e11eac0974615a7a50dea1e	207e138651794e83c160dadf03ff8fa6	EQUIV	seeded from sweep-2026-09-05-577.tsv
ksym_race	361badd945ba1b2f6b7dfbfd383de5b2	5cf6a2b830ab51db2c606ee2862b570f	207e138651794e83c160dadf03ff8fa6	EQUIV	seeded from sweep-2026-09-05-577.tsv
lirc_mode2	ee15a3cde0e8465bfae1651b94db49e9	e1b1d5586196d7c311e064a5bbc1c906	207e138651794e83c160dadf03ff8fa6	EQUIV	seeded from sweep-2026-09-05-577.tsv
livepatch_trampoline	244cc5e0da047368e27de29cb58e8584	6de1907ea779b06e3394d3cc937e7cc2	207e138651794e83c160dadf03ff8fa6	EQUIV	seeded from sweep-2026-09-05-577.tsv
load_bytes_relative	d3206b0f3b5b2bf26f0afc5ac0234220	86fae3a93871ed95cbf9a4082220d31f	207e138651794e83c160dadf03ff8fa6	EQUIV	seeded from sweep-2026-09-05-577.tsv
local_storage	ab6cc6d5608e7026069ba8c329a48e89	8e894a423b0ca6078734f2e800b36269	207e138651794e83c160dadf03ff8fa6	BAIL	seeded from sweep-2026-09-05-577.tsv
loop1	ccf5dbf902a67cbab5ea5cb45ef5552f	cee712c85e13b6c3b3332a5d58708b0b	207e138651794e83c160dadf03ff8fa6	BAIL	seeded from sweep-2026-09-05-577.tsv
loop2	7935c45af45a67886ea4a4c790464b13	fee1cfffccd1c4a8f8c1d61fffd7789e	207e138651794e83c160dadf03ff8fa6	EQUIV	seeded from sweep-2026-09-05-577.tsv
loop3	5c62b73c45765da9a735b2ed1e2f7e20	fbe4c853ab2a2eef3ae4e8d799dac4e7	207e138651794e83c160dadf03ff8fa6	TIMEOUT	seeded from sweep-2026-09-05-577.tsv
loop4	4d94de92bc11a16016c6bf20c1f8959f	99caf547209f8c06116f721a85a37711	207e138651794e83c160dadf03ff8fa6	EQUIV	seeded from sweep-2026-09-05-577.tsv
loop5	80f8aa74140268cbe1d0b1fc967680bc	2baf8daafd749514d47385091754ccb8	207e138651794e83c160dadf03ff8fa6	EQUIV	seeded from sweep-2026-09-05-577.tsv
loop6	a70ef98d062bd17c9535dc6b6cc0ba0d	933b0b26bc611e52b1eabdbe407e7291	207e138651794e83c160dadf03ff8fa6	TIMEOUT	seeded from sweep-2026-09-05-577.tsv
lpm_trie_map	15d82c6a053a2a076a9d483c290b90bb	f6c2c825c3a679116f5327ca49fa8703	207e138651794e83c160dadf03ff8fa6	NOPROGS	seeded from sweep-2026-09-05-577.tsv
lru_bug	1e2d9745272c3e36ff51b6c9cc6b7b1f	a72626ac48cc72530843e6c3da243086	207e138651794e83c160dadf03ff8fa6	EQUIV	seeded from sweep-2026-09-05-577.tsv
lru_lock_nmi	ca5bd7051bbcb585a19e106c119b4330	e5dfc86f0dc91aa2fb9eb4f2cbb96c6d	207e138651794e83c160dadf03ff8fa6	EQUIV	seeded from sweep-2026-09-05-577.tsv
lsm	b7723675d518b2de1f9f37fbd98da6fb	c5c9071862c1738394dc55c7941d1dcc	207e138651794e83c160dadf03ff8fa6	EQUIV	seeded from sweep-2026-09-05-577.tsv
lsm_bdev	17e9853adcce8da2ab4233a669fd217d	9ff8598b94197299aed4ba0cd5d7ff4b	207e138651794e83c160dadf03ff8fa6	EQUIV	seeded from sweep-2026-09-05-577.tsv
lsm_cgroup_nonvoid	09199db9c4e2ab102704994ee420b050	75d05c364b4caa543bcb0c4b78843d03	207e138651794e83c160dadf03ff8fa6	EQUIV	seeded from sweep-2026-09-05-577.tsv
lsm_tailcall	3fcfcafcc0a62555a1ba7e22144e3f72	5c4cd6782f81c8c5fcc73a622669dfb0	207e138651794e83c160dadf03ff8fa6	EQUIV	seeded from sweep-2026-09-05-577.tsv
lwt_misc	2c706dac95169d9ca6810229e02db7a4	57b62c7bd9c795f4394f027f80558b48	207e138651794e83c160dadf03ff8fa6	EQUIV	seeded from sweep-2026-09-05-577.tsv
map_excl	06723606c93d14472a1005fa45a9d6d2	c6947ba4f525609c0fe428fa01a6e45a	207e138651794e83c160dadf03ff8fa6	EQUIV	seeded from sweep-2026-09-05-577.tsv
metadata_unused	10bc9b881c617ef7ad6a88267cc151b5	5d876737abcefcdc97c5e5c847cb9afc	207e138651794e83c160dadf03ff8fa6	EQUIV	seeded from sweep-2026-09-05-577.tsv
metadata_used	b3e8775ff923e10a988bc3164171e3f9	f4b2452c425e92e1404ae0b9685f9587	207e138651794e83c160dadf03ff8fa6	EQUIV	seeded from sweep-2026-09-05-577.tsv
missed_kprobe	7f04c912a1fb1a748ceb588f57940fe0	2d965561b2f7f28a16592fea88919b27	207e138651794e83c160dadf03ff8fa6	EQUIV	seeded from sweep-2026-09-05-577.tsv
missed_kprobe_recursion	2ddf795e130cb5e25635ca5225c05fb3	af8658cfbb76dd3937a53e9c2d9285ad	207e138651794e83c160dadf03ff8fa6	EQUIV	seeded from sweep-2026-09-05-577.tsv
missed_tp_recursion	c173fcc153873873aaa748e31a125c2b	a82fcf4e09759deca3982deb314eafdd	207e138651794e83c160dadf03ff8fa6	EQUIV	seeded from sweep-2026-09-05-577.tsv
mmap_inner_array	b8961e30c62defa1a12a25ca9bdec93e	7ee3cc82fe2b1bc73ba9da55454319a4	207e138651794e83c160dadf03ff8fa6	EQUIV	seeded from sweep-2026-09-05-577.tsv
modify_return	158b106efb08f6a8aadb3755a6ec70f1	45c4a1ae849d9afd28d1a8f9ba613d9d	207e138651794e83c160dadf03ff8fa6	EQUIV	seeded from sweep-2026-09-05-577.tsv
mptcp_sock	acd0c5f729f72cf7d098ad09a4369fff	49e10d9279e35a9cc86415679823f8c3	207e138651794e83c160dadf03ff8fa6	BAIL	seeded from sweep-2026-09-05-577.tsv
mptcp_sockmap	f7f580d68babd9e39611d95d71f6c89c	411fac869c4a015d0cb03df3fd87511a	207e138651794e83c160dadf03ff8fa6	EQUIV	seeded from sweep-2026-09-05-577.tsv
mptcp_subflow	1fdee703e77469aca358fd7c70dd76d4	869439331dcc9ec18ff6645d776debad	207e138651794e83c160dadf03ff8fa6	BAIL	seeded from sweep-2026-09-05-577.tsv
mptcpify	e7c52bdafce9548ffc98dce1193cb96c	f62fcb4349ec2657dbdcc57078390ac0	207e138651794e83c160dadf03ff8fa6	EQUIV	seeded from sweep-2026-09-05-577.tsv
nested_acquire	1056ee755c367269d2dd9208c6dfa2ab	bd669225ea2b29cf4597897ab934f8df	207e138651794e83c160dadf03ff8fa6	BAIL	seeded from sweep-2026-09-05-577.tsv
nested_trust_success	6c0ad54b25e793296c3c38a11b70fb14	1ee51c48ae504fffdf129d2d53efe33a	207e138651794e83c160dadf03ff8fa6	EQUIV	seeded from sweep-2026-09-05-577.tsv
net_timestamping	7bcc5b13e9f60ac54aa0486c4e9aecd4	8b295e8e9f05820ae7d58bf717de7357	207e138651794e83c160dadf03ff8fa6	BAIL	seeded from sweep-2026-09-05-577.tsv
netcnt_prog	8800332896d0975e4e155c1d5d8baac3	113d71d39bc28b53702905f451b828ae	207e138651794e83c160dadf03ff8fa6	EQUIV	seeded from sweep-2026-09-05-577.tsv
netif_receive_skb	3ed761c5f6df3b387cea3bb500f83f8a	b09c456d8b8cb94e31ad6941451bde0f	207e138651794e83c160dadf03ff8fa6	BAIL	seeded from sweep-2026-09-05-577.tsv
netns_cookie_prog	4b99caba4d5825eb4edb3555be05bdbf	26a04fe9aea34e30dc2d55be9ad549ec	207e138651794e83c160dadf03ff8fa6	EQUIV	seeded from sweep-2026-09-05-577.tsv
perf_event_stackmap	c85439c8f78238fa41c19062ed75b93f	1205cb46af04448cb0bcf40d516401f4	207e138651794e83c160dadf03ff8fa6	BAIL	seeded from sweep-2026-09-05-577.tsv
prepare	206e181511d49acc6a85eb94d4e85d43	6c631862b748651c98fe02b875b4dafa	207e138651794e83c160dadf03ff8fa6	EQUIV	seeded from sweep-2026-09-05-577.tsv
priv_freplace_prog	06511724f5e46788662a8602f040d62c	467f6525da224effe2065c6fbef68729	207e138651794e83c160dadf03ff8fa6	EQUIV	seeded from sweep-2026-09-05-577.tsv
priv_map	de2a13b86e16c2d5363fc9d373e71933	9a72945e9af7b60a4ee03069aa4fb637	207e138651794e83c160dadf03ff8fa6	NOPROGS	seeded from sweep-2026-09-05-577.tsv
priv_prog	aead784311d9339e8e2266d61e122367	594a2d910c1059c88327658ff52a1d69	207e138651794e83c160dadf03ff8fa6	EQUIV	seeded from sweep-2026-09-05-577.tsv
pro_epilogue	d2d91bcf36b536d10bb5f47e75853271	976934441c139adc967abf81aeb3fa4c	207e138651794e83c160dadf03ff8fa6	EQUIV	seeded from sweep-2026-09-05-577.tsv
pro_epilogue_goto_start	8c872acc4f573c3b8d6b9dedd353eca2	78610dddfbf77db5f56f0c87ff5c0555	207e138651794e83c160dadf03ff8fa6	EQUIV	seeded from sweep-2026-09-05-577.tsv
pro_epilogue_with_kfunc	fccd63bd72ee870ba4c6a37de0270f02	2c48d9951bc5325ddba8b4c67510c6ee	207e138651794e83c160dadf03ff8fa6	EQUIV	seeded from sweep-2026-09-05-577.tsv
profiler1	1f28119fb66adc635d2d29e4301a2ad3	b22c0d7f6d037a46b03e6c939ff0ffc3	207e138651794e83c160dadf03ff8fa6	BAIL	seeded from sweep-2026-09-05-577.tsv
profiler2	d18ef7da62f92bfe64e58f58bd40a4bd	e9ddac0babb4342bbf68e622cc3acc48	207e138651794e83c160dadf03ff8fa6	BAIL	seeded from sweep-2026-09-05-577.tsv
profiler3	1da281853dcc3140ec3f9e52eddb2543	b35e96927cbb41631f8a7acf19f91254	207e138651794e83c160dadf03ff8fa6	BAIL	seeded from sweep-2026-09-05-577.tsv
pyperf100	e6cebb5f47a816d0936e3f5ae48cad97	c1204dd8a0b70f69135d4ed55e45f626	207e138651794e83c160dadf03ff8fa6	TIMEOUT	seeded from sweep-2026-09-05-577.tsv
pyperf180	964f228edb35ae7f13d8f8f2c2f5f38d	cb489a45ca89783bc7786cb7ce02ef82	207e138651794e83c160dadf03ff8fa6	TIMEOUT	seeded from sweep-2026-09-05-577.tsv
pyperf50	b122bc018fa8afb746bcb69df5930035	22c97ab195177ac43e192ca493c36bfd	207e138651794e83c160dadf03ff8fa6	TIMEOUT	seeded from sweep-2026-09-05-577.tsv
pyperf600	8d8397a9a47802d93de12d52a32ffc88	813fdf0fbbf2e785b455cefedd5b4628	207e138651794e83c160dadf03ff8fa6	TIMEOUT	seeded from sweep-2026-09-05-577.tsv
pyperf600_bpf_loop	f5e62a2e950528dcf1ae1f2fdd7868f9	dd49a493d7f80cf9d6ea5f4a4758a407	207e138651794e83c160dadf03ff8fa6	BAIL	seeded from sweep-2026-09-05-577.tsv
pyperf600_iter	b0183be532406240b8e84596ebeb35c6	dce41d435c598c9767f8d8d2aae91bb5	207e138651794e83c160dadf03ff8fa6	TIMEOUT	seeded from sweep-2026-09-05-577.tsv
pyperf600_nounroll	a9a5955e69a54bd817ac985a1cfb7329	91077322db46015985a114a2f46eb306	207e138651794e83c160dadf03ff8fa6	TIMEOUT	seeded from sweep-2026-09-05-577.tsv
pyperf_global	692863baacc9ad271d5c0808ad65f2cf	fde1dbf84841c0f3ad112c6d28cc1c79	207e138651794e83c160dadf03ff8fa6	TIMEOUT	seeded from sweep-2026-09-05-577.tsv
pyperf_subprogs	f8f6c5f7317c67bc2aa6b0c2007a9fe0	d176aea62c5dede310099a1c64d5e6bc	207e138651794e83c160dadf03ff8fa6	TIMEOUT	seeded from sweep-2026-09-05-577.tsv
raw_tp_null	54b4f9b5a0225a6dec2726329b8c9aad	430c124dedf96c6b3353c379ceb41319	207e138651794e83c160dadf03ff8fa6	EQUIV	seeded from sweep-2026-09-05-577.tsv
rbtree_btf_fail__add_wrong_type	d3ca92ff07e2e58555c239b9b73fb996	6d4e60c69497b910288ee5b3766395b9	207e138651794e83c160dadf03ff8fa6	BAIL	seeded from sweep-2026-09-05-577.tsv
rbtree_btf_fail__wrong_node_type	9ed3e001320680bce98b3aeb1b7a0df9	0d1abf35baa0567ddadad93e9bb81fb3	207e138651794e83c160dadf03ff8fa6	BAIL	seeded from sweep-2026-09-05-577.tsv
rcu_read_lock	ec690a71d336b79a4a479c74feb3988a	de7cc83c3e540d05dcd240c522063b7e	207e138651794e83c160dadf03ff8fa6	UNKNOWN	seeded from sweep-2026-09-05-577.tsv
rcu_tasks_trace_gp	0b25bf0abcc69fa6c56bf2cc90db53cd	da2bbe17b0bf9900adb23ddc950d3990	207e138651794e83c160dadf03ff8fa6	EQUIV	seeded from sweep-2026-09-05-577.tsv
read_cgroupfs_xattr	e205357e83389cfbfb7d3907389ade9b	4cf4bd01c1cbf3a0b268dfc34ca9a7c0	207e138651794e83c160dadf03ff8fa6	TIMEOUT	seeded from sweep-2026-09-05-577.tsv
read_vsyscall	d04ca70006f3a749e2d6274d9c7cc44a	cf96502578936948ee1bf9c8bd3017fa	207e138651794e83c160dadf03ff8fa6	EQUIV	seeded from sweep-2026-09-05-577.tsv
recursion	796c15862d9bb81358f0048aa49a1880	6f0b2bd52085b801b9f22254abd5802e	207e138651794e83c160dadf03ff8fa6	BAIL	seeded from sweep-2026-09-05-577.tsv
recvmsg6_prog	348bf0bf72f65ddacd989a0018949c7c	ecade24de156a5969b2015755d044124	207e138651794e83c160dadf03ff8fa6	EQUIV	seeded from sweep-2026-09-05-577.tsv
recvmsg_unix_prog	f846b3cb65050af068375e517bb50747	3d0dd89a29b3226ed12490a402a2ad5c	207e138651794e83c160dadf03ff8fa6	BAIL	seeded from sweep-2026-09-05-577.tsv
res_spin_lock	e8fafd3624776e6fa12d6ecf71bf44ba	a6abbea6731fb4d3560b7b4027337f98	207e138651794e83c160dadf03ff8fa6	UNKNOWN	seeded from sweep-2026-09-05-577.tsv
rhash	134b3556de8e69b5a540e5d77337aa16	08f83e3a15583071ed8a9d9c5a331505	207e138651794e83c160dadf03ff8fa6	TIMEOUT	seeded from sweep-2026-09-05-577.tsv
security_bpf_map	1282bec345f01868245b884663b57810	d7db5ea121fc7675e4fb300607b6461b	207e138651794e83c160dadf03ff8fa6	BAIL	seeded from sweep-2026-09-05-577.tsv
sendmsg4_prog	24dfb6f643730863ccbebda9f106be76	a020360aff94e795308519393d0d6dfb	207e138651794e83c160dadf03ff8fa6	EQUIV	seeded from sweep-2026-09-05-577.tsv
sendmsg6_prog	dc4b85f563a0bef839a1d2a021f06290	e0f92dc052beda77abfb4aee585b1e51	207e138651794e83c160dadf03ff8fa6	EQUIV	seeded from sweep-2026-09-05-577.tsv
sendmsg_unix_prog	ca3ff06d08fac014207c6eb738dbb8b0	e7dd82d5e4b1ae94a47635c208f729e8	207e138651794e83c160dadf03ff8fa6	BAIL	seeded from sweep-2026-09-05-577.tsv
set_global_vars	ec613546a5105994c6c59a1378dc24d5	0616ec31b0b69d369e9151899565f14e	207e138651794e83c160dadf03ff8fa6	EQUIV	seeded from sweep-2026-09-05-577.tsv
sk_storage_omem_uncharge	c0da9fff50cbb2090e353bbf8a8eae57	3fdc9022de9a99087ee3c7534f2af258	207e138651794e83c160dadf03ff8fa6	EQUIV	seeded from sweep-2026-09-05-577.tsv
skb_load_bytes	284cd0c95e671614c67d5196d9334d32	34e465fdee01fb8209b77e84de787050	207e138651794e83c160dadf03ff8fa6	EQUIV	seeded from sweep-2026-09-05-577.tsv
skb_pkt_end	3554bf5207a4b129f638016cfb2fcba7	c877b00b7f9d40b4fe526ba71578f74d	207e138651794e83c160dadf03ff8fa6	EQUIV	seeded from sweep-2026-09-05-577.tsv
sock_addr_kern	e8ed7e855af339d6bfdf98fa8591b51b	e70f4c3899334e94a5b83c6f2913739f	207e138651794e83c160dadf03ff8fa6	EQUIV	seeded from sweep-2026-09-05-577.tsv
sock_destroy_prog	4c8b28e882b847ac1c0125d5e954daf1	64132512b0c7e8446d896b46a492171c	207e138651794e83c160dadf03ff8fa6	EQUIV	seeded from sweep-2026-09-05-577.tsv
sock_iter_batch	07ebe567df4d8630013cabdd48b6196c	aef0f4becac24e9f076223243c8c89af	207e138651794e83c160dadf03ff8fa6	BAIL	seeded from sweep-2026-09-05-577.tsv
sock_ops_get_sk	80d7521a21c80ecf843940ad8f4ed48e	b62db78c759a1edbcc9e0f645d090a27	207e138651794e83c160dadf03ff8fa6	EQUIV	seeded from sweep-2026-09-05-577.tsv
socket_cookie_prog	a44b8756a3d0c487d8aa4cf18457c20f	459bee915dd5a09823f14c896ce5fbc3	207e138651794e83c160dadf03ff8fa6	EQUIV	seeded from sweep-2026-09-05-577.tsv
sockmap_parse_prog	4f217b17031afec5fac457ad07e5cd25	7fe9d8c1b27bab4575759a81e5a269fd	207e138651794e83c160dadf03ff8fa6	EQUIV	seeded from sweep-2026-09-05-577.tsv
sockmap_tcp_msg_prog	1c3635f77deabdddb7b3a81e329f90b9	cc64aa7fe0955703d41897fa230f5789	207e138651794e83c160dadf03ff8fa6	EQUIV	seeded from sweep-2026-09-05-577.tsv
sockopt_inherit	3d888b0fcedf958b09513d4be5c97e41	a692051c821c3d680b835207ff49aa93	207e138651794e83c160dadf03ff8fa6	EQUIV	seeded from sweep-2026-09-05-577.tsv
sockopt_multi	bf9525a23e9fe18f91490db5bdf52f28	4e02e540647ee41f568cf0f16b656774	207e138651794e83c160dadf03ff8fa6	EQUIV	seeded from sweep-2026-09-05-577.tsv
sockopt_qos_to_cc	d2ff71e6b6f0db7c0e65ca14f6f7adb1	fb2f913d092c6e0d6cedb33edc5db651	207e138651794e83c160dadf03ff8fa6	EQUIV	seeded from sweep-2026-09-05-577.tsv
sockopt_sk	d7711c2d8c527665808f92ef5d08b764	4d8cbca7e9ca874076e4bc4c380c4a14	207e138651794e83c160dadf03ff8fa6	EQUIV	seeded from sweep-2026-09-05-577.tsv
stack_arg	f6cd4de88aa3f4fbd643c90909b2c765	1d951e81bd0618a24ee539cdeb0e6111	207e138651794e83c160dadf03ff8fa6	EQUIV	seeded from sweep-2026-09-05-577.tsv
stack_arg_kfunc	5ceb5d572868d5e3b8fae995c783af6c	5b810772d2307f34da4c05dd789840f3	207e138651794e83c160dadf03ff8fa6	EQUIV	seeded from sweep-2026-09-05-577.tsv
stacktrace_map	0b3ca3e4c816bfbbb64c476cbf59c89b	daf73c799eb283247d3dd8ba2737e337	207e138651794e83c160dadf03ff8fa6	BAIL	seeded from sweep-2026-09-05-577.tsv
stacktrace_map_skip	0ff68617910b076c53ed639c812e39ea	9950e3eb7d5ef86c59fb0e0a3b9dc4b7	207e138651794e83c160dadf03ff8fa6	EQUIV	seeded from sweep-2026-09-05-577.tsv
stream	4c36b972e5c5a414cc47fed23f216ad9	5a1976ee2cb76051f080349023217870	207e138651794e83c160dadf03ff8fa6	TIMEOUT	seeded from sweep-2026-09-05-577.tsv
string_kfuncs_failure1	ebea79d2c076113bab66b2c3c2fb9bdd	57121f290b7a290d74c6d1b67e0c54d2	207e138651794e83c160dadf03ff8fa6	EQUIV	seeded from sweep-2026-09-05-577.tsv
string_kfuncs_failure2	71fc5a8ee22dec17d31dc20411cdf6f2	c84e288d9d630d924b374ee95a7f9060	207e138651794e83c160dadf03ff8fa6	EQUIV	seeded from sweep-2026-09-05-577.tsv
string_kfuncs_success	997bea9bd328fc7a9555b565f4b226e2	7dd81c7f4b333ff0873123fe650af771	207e138651794e83c160dadf03ff8fa6	EQUIV	seeded from sweep-2026-09-05-577.tsv
strobemeta	05fa0a98b42298b8de4f9d9804a5ff44	734472d53a22d286c9f7a38c13d1facb	207e138651794e83c160dadf03ff8fa6	TIMEOUT	seeded from sweep-2026-09-05-577.tsv
strobemeta_bpf_loop	137b74ca03cfb4c8359d21a2f0e0b44c	75a3d19f29e7e64734e6b7b99101a4bc	207e138651794e83c160dadf03ff8fa6	BAIL	seeded from sweep-2026-09-05-577.tsv
strobemeta_nounroll1	16a681df4e87601d41dd7330adc0a912	d468a71967722c40582b51609544dbd9	207e138651794e83c160dadf03ff8fa6	TIMEOUT	seeded from sweep-2026-09-05-577.tsv
strobemeta_nounroll2	dd3d1bc9a5f5e2f030bdbc7384ef12c9	04b55a28372376b83f4932b27b50abbe	207e138651794e83c160dadf03ff8fa6	TIMEOUT	seeded from sweep-2026-09-05-577.tsv
struct_ops_assoc	9aeb9e83a69020a11519bfb39a3cfedc	8d8af18bafc2bc69b2676e2ace13e5c4	207e138651794e83c160dadf03ff8fa6	EQUIV	seeded from sweep-2026-09-05-577.tsv
struct_ops_assoc_in_timer	9736cf315da28c36aa317ecbe4e76440	5efdb62f42aa6cd5d279453069d894a4	207e138651794e83c160dadf03ff8fa6	EQUIV	seeded from sweep-2026-09-05-577.tsv
struct_ops_assoc_reuse	cd4677fbbe1e6013ff4e1bfdd90d613e	7974345455dcea265e00dcafacae9c09	207e138651794e83c160dadf03ff8fa6	EQUIV	seeded from sweep-2026-09-05-577.tsv
struct_ops_autocreate	428cd3c965c58c6970319ffb56122342	879747a973c1f430f8588b9edc5fecf3	207e138651794e83c160dadf03ff8fa6	EQUIV	seeded from sweep-2026-09-05-577.tsv
struct_ops_autocreate2	1431aa9a6804b882e699b77dd3d6ff78	5aa81e9c399278a052e8581e2f3d3951	207e138651794e83c160dadf03ff8fa6	EQUIV	seeded from sweep-2026-09-05-577.tsv
struct_ops_detach	9c03553429c08ba9c3356b0a3905d2ec	d2ce128c18e817288e32a16514f63314	207e138651794e83c160dadf03ff8fa6	NOPROGS	seeded from sweep-2026-09-05-577.tsv
struct_ops_id_ops_mapping1	99599d4522e58c3a37a933074a05a080	641fb0b8e88aa836b3cca04fc30d7aef	207e138651794e83c160dadf03ff8fa6	EQUIV	seeded from sweep-2026-09-05-577.tsv
struct_ops_id_ops_mapping2	5801d40d53c71343ed2670936667e903	fa8d780f33d3e19c4afd94b7f19e5a65	207e138651794e83c160dadf03ff8fa6	EQUIV	seeded from sweep-2026-09-05-577.tsv
struct_ops_kptr_return	1d8ae044bf50f6019878b778ee533b65	8d2cb5a03d2dbc5a2e8d93afb429b9fa	207e138651794e83c160dadf03ff8fa6	EQUIV	seeded from sweep-2026-09-05-577.tsv
struct_ops_maybe_null	f5ccb70560707cb25c52d98c39edb8df	5b0fb517cd7076fc36f1bd3be5cdf914	207e138651794e83c160dadf03ff8fa6	EQUIV	seeded from sweep-2026-09-05-577.tsv
struct_ops_module	e1c56d561a1e5ce76528c95624ab27f8	bd36444f6f741f6da1eeedacdffdc190	207e138651794e83c160dadf03ff8fa6	EQUIV	seeded from sweep-2026-09-05-577.tsv
struct_ops_multi_pages	a458f58f4b9c2a7482077943cf182484	4497457f7194fd6a42f37d28d43b86b8	207e138651794e83c160dadf03ff8fa6	EQUIV	seeded from sweep-2026-09-05-577.tsv
struct_ops_nulled_out_cb	35f0e75eb300221a196578af92b2df02	25969414d37dfd58e9b95bcff06595f5	207e138651794e83c160dadf03ff8fa6	EQUIV	seeded from sweep-2026-09-05-577.tsv
struct_ops_private_stack	d4a9ba675e8ccb3b058eca4f06599ab5	b6fe238c6e1c6bfe08b8b3d388299d97	207e138651794e83c160dadf03ff8fa6	EQUIV	seeded from sweep-2026-09-05-577.tsv
struct_ops_private_stack_fail	790b2d72857bdc24f0af565c004be72c	ed70733503fe61cadbcdba9bd0dadf24	207e138651794e83c160dadf03ff8fa6	EQUIV	seeded from sweep-2026-09-05-577.tsv
struct_ops_private_stack_recur	03317157d531d51aa88326bbcbd53501	2edd9a8e6d4c325678708d1aca556f17	207e138651794e83c160dadf03ff8fa6	EQUIV	seeded from sweep-2026-09-05-577.tsv
struct_ops_refcounted	4ab404db0cdd00bcff595bdc016d08f2	fa9c165a3982c537f49082c380f643d7	207e138651794e83c160dadf03ff8fa6	EQUIV	seeded from sweep-2026-09-05-577.tsv
summarization_freplace	8b6702d5fb7bdc13dced7bdd19ebabec	ded05bf81733e143f02e2df936780a5a	207e138651794e83c160dadf03ff8fa6	EQUIV	seeded from sweep-2026-09-05-577.tsv
syscall	18021c613c89fdd8440aaf744a7e5928	ada202ee71d9b9d56ad749bed8f93061	207e138651794e83c160dadf03ff8fa6	BAIL	seeded from sweep-2026-09-05-577.tsv
tailcall1	dd7baf40b17cdf53d319eabd7085459d	8c4afe17a5385850b07075201dc6a12e	207e138651794e83c160dadf03ff8fa6	EQUIV	seeded from sweep-2026-09-05-577.tsv
tailcall2	c8339f07a1d05832fa853f98d4e250d5	05b92f3f18d3a8f91bd9414be27d43f7	207e138651794e83c160dadf03ff8fa6	EQUIV	seeded from sweep-2026-09-05-577.tsv
tailcall3	e774b50f5a4551ff6110d7263abeaab2	2de6e5fb7f97ecc4da95049a4288e238	207e138651794e83c160dadf03ff8fa6	EQUIV	seeded from sweep-2026-09-05-577.tsv
tailcall4	948384789ad1ecc0ca79b9c94d6c78dc	c2975534a03366570f91a27948c5f170	207e138651794e83c160dadf03ff8fa6	EQUIV	seeded from sweep-2026-09-05-577.tsv
tailcall5	bfd14dca9faf2b4be6b0cffef3d84cf7	967850d735dc523b3d22937499a15184	207e138651794e83c160dadf03ff8fa6	EQUIV	seeded from sweep-2026-09-05-577.tsv
tailcall6	d617c340bbbcdd6da071c87ede4269e9	5092717f4df665ba96a600c087967c36	207e138651794e83c160dadf03ff8fa6	EQUIV	seeded from sweep-2026-09-05-577.tsv
tailcall_bpf2bpf1	e314445271648dd8f1ab74211267b73c	799b273437ac03270344ab351c6d705f	207e138651794e83c160dadf03ff8fa6	EQUIV	seeded from sweep-2026-09-05-577.tsv
tailcall_bpf2bpf2	624581ee023787c6591548e8f006a18f	c7aff383fc58e443541441066b35d235	207e138651794e83c160dadf03ff8fa6	BAIL	seeded from sweep-2026-09-05-577.tsv
tailcall_bpf2bpf3	cd401db9679b10d3308c5d77073a8d87	6aad27bbbb159ae1b1fdf7f01d6c092d	207e138651794e83c160dadf03ff8fa6	BAIL	seeded from sweep-2026-09-05-577.tsv
tailcall_bpf2bpf4	37b70e26e049911f2e17332ab0465bf2	0b580b086066f3fc50bee1492abd2f99	207e138651794e83c160dadf03ff8fa6	EQUIV	seeded from sweep-2026-09-05-577.tsv
tailcall_bpf2bpf6	ff98c2aec07f0de56076bb223e8016eb	58c569a0931a6e3b7777bf3e501badc2	207e138651794e83c160dadf03ff8fa6	EQUIV	seeded from sweep-2026-09-05-577.tsv
tailcall_bpf2bpf_fentry	32443363000841fc257e2d01a661e632	87c1cc5f5ff2c08c30aa91dc88fc5ba7	207e138651794e83c160dadf03ff8fa6	EQUIV	seeded from sweep-2026-09-05-577.tsv
tailcall_bpf2bpf_fexit	8dfafb4352e1a26ec493dfb35cebc62c	c6060586f9abbc25e2e99d2f04600b8a	207e138651794e83c160dadf03ff8fa6	EQUIV	seeded from sweep-2026-09-05-577.tsv
tailcall_bpf2bpf_hierarchy1	f95a692e3a4bc920bf839eaf0e4c1f49	e1be0d7bc835de50fe059fbbc0ecfbf7	207e138651794e83c160dadf03ff8fa6	EQUIV	seeded from sweep-2026-09-05-577.tsv
tailcall_bpf2bpf_hierarchy2	36c43a18079f84f802335afc4732f632	2f2bb427321a2ea0327f1c769a28b33f	207e138651794e83c160dadf03ff8fa6	EQUIV	seeded from sweep-2026-09-05-577.tsv
tailcall_bpf2bpf_hierarchy3	7c5729aa2daf771879a318f0625a7cbb	2791ad4d22f12ad24bff3b37c506f201	207e138651794e83c160dadf03ff8fa6	EQUIV	seeded from sweep-2026-09-05-577.tsv
tailcall_bpf2bpf_hierarchy_fentry	c1bb6c86e5ed1dee9b2727c1f9577a4c	d894d47c6c7a02eea40aa97f408e166d	207e138651794e83c160dadf03ff8fa6	EQUIV	seeded from sweep-2026-09-05-577.tsv
tailcall_cgrp_storage	c136088ebe91272e32cf9f5e0f566a1e	3951ef423b3ad14fa3f6a1862f267e1f	207e138651794e83c160dadf03ff8fa6	EQUIV	seeded from sweep-2026-09-05-577.tsv
tailcall_cgrp_storage_no_storage	7c4cc99edd72353920ba15dd7f3af390	6691c988b0e4b06b638071a8cfda79ac	207e138651794e83c160dadf03ff8fa6	EQUIV	seeded from sweep-2026-09-05-577.tsv
tailcall_cgrp_storage_owner	279269fd909b888c1bfa301495e4a8fe	296948033909422d0306f93f97204ab9	207e138651794e83c160dadf03ff8fa6	EQUIV	seeded from sweep-2026-09-05-577.tsv
tailcall_freplace	2db4f37634c823a898d5f95387f36d68	6272a37227e8460ba4c9a33968d82b76	207e138651794e83c160dadf03ff8fa6	EQUIV	seeded from sweep-2026-09-05-577.tsv
tailcall_poke	5b1c118b0bb983398d528880ee706aec	0b1c881318cf733a5b5b5aaa8c9cbd52	207e138651794e83c160dadf03ff8fa6	EQUIV	seeded from sweep-2026-09-05-577.tsv
tailcall_sleepable	314fcf733b67aa1df088a47740688442	78b4c3cbed22b8227d5c039128488b2a	207e138651794e83c160dadf03ff8fa6	EQUIV	seeded from sweep-2026-09-05-577.tsv
task_local_storage	b128e78b606f642c9890aa7ef2b03951	7e4a24fd347896dc7d9cff0c95cf6492	207e138651794e83c160dadf03ff8fa6	EQUIV	seeded from sweep-2026-09-05-577.tsv
task_local_storage_exit_creds	d9fd41423560c3b02300daaa93c8b6a2	e634a77ffa09908532cbafa86b84b603	207e138651794e83c160dadf03ff8fa6	EQUIV	seeded from sweep-2026-09-05-577.tsv
task_ls_recursion	35a3c3169a3b92c7f27e60c2264ea80e	e26afb628f9ee48cec5148d33aeb8348	207e138651794e83c160dadf03ff8fa6	EQUIV	seeded from sweep-2026-09-05-577.tsv
task_work_stress	d4613e4c10fff6ba0439494869867259	45b2426300b0bd05f94c260c91df652b	207e138651794e83c160dadf03ff8fa6	BAIL	seeded from sweep-2026-09-05-577.tsv
tc_bpf2bpf	033c9391063dea1fcfd8d8e06c90e800	478ad19b2e80940d67dd0157e089b196	207e138651794e83c160dadf03ff8fa6	EQUIV	seeded from sweep-2026-09-05-577.tsv
tc_dummy	a93a7013f3fb80dc48d93e246f5721bd	6cb1d22b6abfbaf71718543ec94f4fbb	207e138651794e83c160dadf03ff8fa6	EQUIV	seeded from sweep-2026-09-05-577.tsv
tcp_ca_incompl_cong_ops	dfe31c63d0be1e1312eb5e20912d689f	2f1d100f79eca2df24e9b7f0ed71fd7e	207e138651794e83c160dadf03ff8fa6	EQUIV	seeded from sweep-2026-09-05-577.tsv
tcp_ca_kfunc	023ad0120a2b3087f495970748ada714	da06d6362a2ed8fc259520682b3a8637	207e138651794e83c160dadf03ff8fa6	EQUIV	seeded from sweep-2026-09-05-577.tsv
tcp_ca_unsupp_cong_op	a88931cce29a9c4e21e686ca22520d57	f867ab3e571cbcf8c3876c62fda0bb92	207e138651794e83c160dadf03ff8fa6	EQUIV	seeded from sweep-2026-09-05-577.tsv
tcp_ca_untrusted_btf_write	82cbd6bca2299d8ddf9a7e2ecbbf037d	768d549c591bc15af00b4508458efe74	207e138651794e83c160dadf03ff8fa6	BAIL	seeded from sweep-2026-09-05-577.tsv
tcp_ca_update	22b57ee23d0c1a9d9046148727b56040	bc0d33a4f489231c6128b176b82def47	207e138651794e83c160dadf03ff8fa6	EQUIV	seeded from sweep-2026-09-05-577.tsv
tcp_ca_write_sk_pacing	34e1d997d6de936309b68895b5d4d0de	0d06b9286279e0260413a744420a6518	207e138651794e83c160dadf03ff8fa6	EQUIV	seeded from sweep-2026-09-05-577.tsv
tcp_rtt	a073a5dae6e91ad950d5f3f26e30dd23	a007b96dc60e36023e66031a96ca1d6f	207e138651794e83c160dadf03ff8fa6	EQUIV	seeded from sweep-2026-09-05-577.tsv
test_assign_reuse	63890b77f7ff7d7c50f6f1546a44d81e	ef7fce37a9efb95b3903d1204d5bd5ba	207e138651794e83c160dadf03ff8fa6	EQUIV	seeded from sweep-2026-09-05-577.tsv
test_attach_kprobe_sleepable	010227f3cdfdce275b92e838bbd6f796	c020b5819ad4560f79a05b5dbd9346e3	207e138651794e83c160dadf03ff8fa6	EQUIV	seeded from sweep-2026-09-05-577.tsv
test_attach_probe	b7aaa57ff2c98d343432e8530dba0dc8	e2e291b5e33e3a0a351622f0c530fdd6	207e138651794e83c160dadf03ff8fa6	BAIL	seeded from sweep-2026-09-05-577.tsv
test_attach_probe_manual	ea8d83dd4241ea3a475e284afb93fa71	837e5a3e432533feb2c636cc0e475af5	207e138651794e83c160dadf03ff8fa6	EQUIV	seeded from sweep-2026-09-05-577.tsv
test_autoattach	625b6ecda910301b3f08e376827b244f	dd7e8a8f89801aa66ca2558140deb221	207e138651794e83c160dadf03ff8fa6	EQUIV	seeded from sweep-2026-09-05-577.tsv
test_autoload	4c1bb37acec98a8ef9ba6cdbab7c1340	051e9a4a0e288af70c021662c6d4c220	207e138651794e83c160dadf03ff8fa6	BAIL	seeded from sweep-2026-09-05-577.tsv
test_bpf_cookie	66ad967da660e85677487f9881932c2e	c6b055a26a235458f70359bdfe85d991	207e138651794e83c160dadf03ff8fa6	EQUIV	seeded from sweep-2026-09-05-577.tsv
test_bpf_ma	0c8a39af13482a7b2ce88cd0317e39db	836c7b9f8990c10923f202b847b02a3b	207e138651794e83c160dadf03ff8fa6	BAIL	seeded from sweep-2026-09-05-577.tsv
test_bpf_nf	cc30f806851ba36e2d4b9be9a8325c81	a3cb421cd84c4546e4ed47ee787cc725	207e138651794e83c160dadf03ff8fa6	BAIL	seeded from sweep-2026-09-05-577.tsv
test_btf_decl_tag	185ce34169c5396127c846f24289357d	f9c6aa25921ccac76c6185ac199dd7b5	207e138651794e83c160dadf03ff8fa6	EQUIV	seeded from sweep-2026-09-05-577.tsv
test_btf_ext	66e8c6108134dac1d46049ab0cc97e6e	5d1f70450e9c976e211e16a865d77d78	207e138651794e83c160dadf03ff8fa6	EQUIV	seeded from sweep-2026-09-05-577.tsv
test_btf_map_in_map	3e4372a7d2d2c0211c981cc4dff2db47	575916ff8088ce4e1c7b843dbb7134fe	207e138651794e83c160dadf03ff8fa6	EQUIV	seeded from sweep-2026-09-05-577.tsv
test_btf_newkv	6604f24ad4b7770203035a2a301bebe3	30330194be0377e4f317641f881fb3fd	207e138651794e83c160dadf03ff8fa6	EQUIV	seeded from sweep-2026-09-05-577.tsv
test_btf_nokv	f70e54bf519aedad5860b682d66c2001	8912728be7e6d134c904555958417b9c	207e138651794e83c160dadf03ff8fa6	EQUIV	seeded from sweep-2026-09-05-577.tsv
test_btf_skc_cls_ingress	864f38aad23687403324089481757dce	717e29f221ae00122c23c6d3f474ff80	207e138651794e83c160dadf03ff8fa6	UNKNOWN	seeded from sweep-2026-09-05-577.tsv
test_build_id	3a51e3721cd53d817e99e81d841aa8ca	76de9c8074ffbc77a6f2120b3737cc93	207e138651794e83c160dadf03ff8fa6	BAIL	seeded from sweep-2026-09-05-577.tsv
test_cgroup1_hierarchy	329c54373a43f8e4a5a1030dc6eb926c	a522cb19d1efc48d443b0abc2b1166e1	207e138651794e83c160dadf03ff8fa6	EQUIV	seeded from sweep-2026-09-05-577.tsv
test_cgroup_link	e865aa274a47a0ddcae476aa0f91f4c8	1bb0f64211e0415782e7a13de36d2354	207e138651794e83c160dadf03ff8fa6	EQUIV	seeded from sweep-2026-09-05-577.tsv
test_check_mtu	58f33dea0d3049aef6f826aade41d430	f9098e85d1c3ebd095c7ed29df0dd9a7	207e138651794e83c160dadf03ff8fa6	EQUIV	seeded from sweep-2026-09-05-577.tsv
test_cls_redirect	d692d397bcb05cc3a4bb22353ac4614e	06f5110b4cf60fb4cbfe4ebcbdb92815	207e138651794e83c160dadf03ff8fa6	TIMEOUT	seeded from sweep-2026-09-05-577.tsv
test_cls_redirect_dynptr	708690eaf7bc76b9c165dd34f4a163ac	c25c165c5620ce35965b5e6d271f35e5	207e138651794e83c160dadf03ff8fa6	BAIL	seeded from sweep-2026-09-05-577.tsv
test_cls_redirect_subprogs	5ebfc2b903c77e4ad2873e26a50fc7f8	ccfab7777155119ce4d9281b62a98712	207e138651794e83c160dadf03ff8fa6	TIMEOUT	seeded from sweep-2026-09-05-577.tsv
test_core_autosize	dee59b89da516944460a990197d22076	9adc5a2a0539d9dc51fa80e9f988f387	207e138651794e83c160dadf03ff8fa6	BAIL	seeded from sweep-2026-09-05-577.tsv
test_core_read_macros	93742eb95462a9e305c46cfdded320b2	ba3e7cdd42418ab2bfb081cab803b084	207e138651794e83c160dadf03ff8fa6	EQUIV	seeded from sweep-2026-09-05-577.tsv
test_core_reloc_existence	01d7c3606b347e4be459a947b8a486ad	b3e5b213807b85f210b2834a2680c41e	207e138651794e83c160dadf03ff8fa6	EQUIV	seeded from sweep-2026-09-05-577.tsv
test_core_reloc_flavors	15ba49aa4ae10c9d14110730aa9805cb	db5b07b4fcb830b28dada047d2f8197d	207e138651794e83c160dadf03ff8fa6	BAIL	seeded from sweep-2026-09-05-577.tsv
test_core_reloc_ints	842c9453219ea36625e26b9e1823fedd	3c6c9a0a65cb07726dbc26f9b4735c13	207e138651794e83c160dadf03ff8fa6	BAIL	seeded from sweep-2026-09-05-577.tsv
test_core_reloc_kernel	e8d47be93b8c21b7b4b1f52fc344c0cf	5cb4c7850ff2110327b2ec8c06d3aa7b	207e138651794e83c160dadf03ff8fa6	TIMEOUT	seeded from sweep-2026-09-05-577.tsv
test_core_reloc_misc	a8b1fc8d43a554dc13537b385c9047f2	14c54706b703aab3d011256e39b55001	207e138651794e83c160dadf03ff8fa6	BAIL	seeded from sweep-2026-09-05-577.tsv
test_core_reloc_mods	9e7802d9a304e47ac190dcea73f892df	9fd9ab50dba1b0798e9e933bc361d263	207e138651794e83c160dadf03ff8fa6	BAIL	seeded from sweep-2026-09-05-577.tsv
test_core_reloc_module	75d57dd5b6b51a8c2dc81eced87871da	386476b220115e096bd79286cb94b7ba	207e138651794e83c160dadf03ff8fa6	EQUIV	seeded from sweep-2026-09-05-577.tsv
test_core_reloc_nesting	bb97a905e796a0834e9a37562795128c	e0bfe6410be2b26ebe645bfbb890da09	207e138651794e83c160dadf03ff8fa6	BAIL	seeded from sweep-2026-09-05-577.tsv
test_core_reloc_primitives	a407646af7b2fb4e79bbc248ff2edb72	963f37af4500df3ebc85ce23ff98220e	207e138651794e83c160dadf03ff8fa6	BAIL	seeded from sweep-2026-09-05-577.tsv
test_core_reloc_type_based	217b01aff1bea56bf9bdbb8bf9a3e18c	85f2ce73b6eb196eaeef4b705b9f239c	207e138651794e83c160dadf03ff8fa6	EQUIV	seeded from sweep-2026-09-05-577.tsv
test_core_retro	33b4bfe97c3ce767445a61071b8a9e20	98eea91f32076069a6985ad55c27fd49	207e138651794e83c160dadf03ff8fa6	EQUIV	seeded from sweep-2026-09-05-577.tsv
test_ctx	5c89976bcfdaed09dcfca6ab73d68178	8e75f157ef28a7841b8bdd013ac92d12	207e138651794e83c160dadf03ff8fa6	BAIL	seeded from sweep-2026-09-05-577.tsv
test_custom_sec_handlers	6c392dfbc5e682fe1339400d0e7e3db6	281b80b296083ebcb9125cb166f89396	207e138651794e83c160dadf03ff8fa6	EQUIV	seeded from sweep-2026-09-05-577.tsv
test_d_path_check_rdonly_mem	de2bcdc76529a911f479563ec75a0826	fbd69b5af7c36af505354627726f819e	207e138651794e83c160dadf03ff8fa6	EQUIV	seeded from sweep-2026-09-05-577.tsv
test_d_path_check_types	c8e56b5f655db703b2ceaef331276a43	18de4ec702211a789e52d0fe19786577	207e138651794e83c160dadf03ff8fa6	BAIL	seeded from sweep-2026-09-05-577.tsv
test_deny_namespace	5ad74bdab8dd8792ee1acc7e02b2207b	2152f39d74bb5346d8e213ef5e1668d4	207e138651794e83c160dadf03ff8fa6	EQUIV	seeded from sweep-2026-09-05-577.tsv
test_dst_clear	fabb8717771b55090952c7e5a6625492	9dfe374cbc1a5537fe600fe65947d0d8	207e138651794e83c160dadf03ff8fa6	EQUIV	seeded from sweep-2026-09-05-577.tsv
test_enable_stats	c64923b00faa236e3cf17d9a976ab8ff	1027a90dfdb70df52f80d1b65ac314b9	207e138651794e83c160dadf03ff8fa6	EQUIV	seeded from sweep-2026-09-05-577.tsv
test_endian	358ed74b9e15864c35afdc3cf99ccbb1	d7afe740e6c0796fca10639cea63f5f3	207e138651794e83c160dadf03ff8fa6	EQUIV	seeded from sweep-2026-09-05-577.tsv
test_get_stack_rawtp	9d4e894108a342805302cae179a10308	4c12486ed322622bc9911a141553057a	207e138651794e83c160dadf03ff8fa6	BAIL	seeded from sweep-2026-09-05-577.tsv
test_get_stack_rawtp_err	4583d67a634aef19f52582901b4da044	85d28728580075d7de5773f41a1cf920	207e138651794e83c160dadf03ff8fa6	BAIL	seeded from sweep-2026-09-05-577.tsv
test_global_data	55982c27f99b08d50557c44c90bec0c0	f61220cf16c7d6495c2db5433feda82e	207e138651794e83c160dadf03ff8fa6	EQUIV	seeded from sweep-2026-09-05-577.tsv
test_global_func1	e2be5fab53817361670b60de10b56812	08158398eecf23e3dd6c861cc981b7c8	207e138651794e83c160dadf03ff8fa6	EQUIV	seeded from sweep-2026-09-05-577.tsv
test_global_func16	48fc6c74bea3a4341d5c0e0ec4b6bf1f	9224341251305a525cbe0db32953dcc4	207e138651794e83c160dadf03ff8fa6	EQUIV	seeded from sweep-2026-09-05-577.tsv
test_global_func2	5c605504686a2bd2c980659f199a53e1	f47af25ca7387710b8c497914faa002b	207e138651794e83c160dadf03ff8fa6	EQUIV	seeded from sweep-2026-09-05-577.tsv
test_global_func4	54cf22aa4339089c74dae618d9033351	717825974fb4bd239876741afc9537a2	207e138651794e83c160dadf03ff8fa6	EQUIV	seeded from sweep-2026-09-05-577.tsv
test_global_func7	f33347452ac4dd5b5953469b71fbd92f	c30b9d51fa047fffbad5a4e4a2e7fad4	207e138651794e83c160dadf03ff8fa6	EQUIV	seeded from sweep-2026-09-05-577.tsv
test_global_func8	36ee0e66c531a0f762bbdf67a514862a	d003b64a987eba5058d11b64cbcabb1f	207e138651794e83c160dadf03ff8fa6	EQUIV	seeded from sweep-2026-09-05-577.tsv
test_global_func9	0f8f9c3acbf4080888470bd0b6b67a8b	1382fd3e053c005f4454a9ec4a15d3f2	207e138651794e83c160dadf03ff8fa6	EQUIV	seeded from sweep-2026-09-05-577.tsv
test_global_func_args	0e32d9fe3047dd1643591c8c73b9a42a	0b3b4a2e23ef1f41996c422f2df2e957	207e138651794e83c160dadf03ff8fa6	EQUIV	seeded from sweep-2026-09-05-577.tsv
test_global_func_ctx_args	b5185ab20d81a1fe4b645b1509b7ebd2	7c859c14a89d9bd11209fcfe975d9726	207e138651794e83c160dadf03ff8fa6	BAIL	seeded from sweep-2026-09-05-577.tsv
test_global_map_resize	d8e4a271059de1a79f4df5f9143f6176	d63d8c03ec3b4241dbeec27f81cd0e44	207e138651794e83c160dadf03ff8fa6	BAIL	seeded from sweep-2026-09-05-577.tsv
test_hash_large_key	51ffd84482db938bf135896f4fec8171	1ed57fd4462a3a87d11706049f534c4d	207e138651794e83c160dadf03ff8fa6	EQUIV	seeded from sweep-2026-09-05-577.tsv
test_helper_restricted	5e5979de483f98ea7a709c8f385368ba	7ecd445e7fdeb585c87fb19d7ac38f48	207e138651794e83c160dadf03ff8fa6	EQUIV	seeded from sweep-2026-09-05-577.tsv
test_kernel_flag	c5e801b4629af978d7fafc50e4d952b1	94ef5a8a459bc3fdfe9da96a6337d395	207e138651794e83c160dadf03ff8fa6	EQUIV	seeded from sweep-2026-09-05-577.tsv
test_ksyms	89e7a1c56e6ad490ac3898b8ec43dd75	9895c7f402578fcfedba5823fc55b084	207e138651794e83c160dadf03ff8fa6	EQUIV	seeded from sweep-2026-09-05-577.tsv
test_ksyms_btf_null_check	9b4d12272d309d5a1c1c5a5fcdf4deef	fa82182eb3a3eb2a17c1fb9e5ddb29d8	207e138651794e83c160dadf03ff8fa6	EQUIV	seeded from sweep-2026-09-05-577.tsv
test_l4lb	64db4954e4bfc4b9efeab88eae18f676	55aad83e98a2afe501c282f49a845575	207e138651794e83c160dadf03ff8fa6	UNKNOWN	seeded from sweep-2026-09-05-577.tsv
test_l4lb_noinline	9d8e702d6dc6fa5a79402489b58b3d42	c90d45f36a7231cb1e5e6a33d0ad6ab5	207e138651794e83c160dadf03ff8fa6	TIMEOUT	seeded from sweep-2026-09-05-577.tsv
test_l4lb_noinline_dynptr	cbdf1ac24e0a6cd224d48d24bac1387c	c54aba40d8fd6a2735a66ea6ecabd739	207e138651794e83c160dadf03ff8fa6	BAIL	seeded from sweep-2026-09-05-577.tsv
test_ldsx_insn	3ba774fcd1e2def089afb4298c96b469	d1c0cfe382f822b1705b4f2dae488848	207e138651794e83c160dadf03ff8fa6	EQUIV	seeded from sweep-2026-09-05-577.tsv
test_legacy_printk	701eeddb9c3efa8efd6520e29b06e98d	9e4a95cd4693bed179c78d2c2ab1ca09	207e138651794e83c160dadf03ff8fa6	EQUIV	seeded from sweep-2026-09-05-577.tsv
test_libbpf_get_fd_by_id_opts	e795917525b83e09e1e83b4f24f34884	1f9a6a5b5096c2293fea69113db78f59	207e138651794e83c160dadf03ff8fa6	BAIL	seeded from sweep-2026-09-05-577.tsv
test_link_pinning	5f50c85939e5c354a1b97dd6daafed99	1185619246fa5d1cc40f98f447e7dd4d	207e138651794e83c160dadf03ff8fa6	EQUIV	seeded from sweep-2026-09-05-577.tsv
test_log_buf	0981ebc7651db2a2fcf4d1f141b9a702	6593de5b68cc8aa242b35871821f1316	207e138651794e83c160dadf03ff8fa6	EQUIV	seeded from sweep-2026-09-05-577.tsv
test_lookup_and_delete	f68abe513a8bc460a485d41047750a08	b4a4d9e83004fc3684d6cddcaeaf80dd	207e138651794e83c160dadf03ff8fa6	EQUIV	seeded from sweep-2026-09-05-577.tsv
test_lookup_key	438c00b5ac8ee933c22d4906ad0a07e7	efdd8904e7f0b85fe520397094119a2b	207e138651794e83c160dadf03ff8fa6	EQUIV	seeded from sweep-2026-09-05-577.tsv
test_lwt_ip_encap	8e1cc3ef8fbb2dfa20a89383bc774db6	aabf8b7d21a425a4e93287b48f22a266	207e138651794e83c160dadf03ff8fa6	EQUIV	seeded from sweep-2026-09-05-577.tsv
test_lwt_redirect	942ae85bbc0c3b90db9ea9ccc4a0144f	aa0757c647f2ab2b27e6f07bf3c96b47	207e138651794e83c160dadf03ff8fa6	EQUIV	seeded from sweep-2026-09-05-577.tsv
test_lwt_reroute	51e478197bda804093c1ebaec8efcb52	e77852464945c71d4da2b811aa14317d	207e138651794e83c160dadf03ff8fa6	EQUIV	seeded from sweep-2026-09-05-577.tsv
test_lwt_seg6local	c3b4f74a4e91a187144920c961ca26e0	2c3949bf0148ef281593565f72c57002	207e138651794e83c160dadf03ff8fa6	BAIL	seeded from sweep-2026-09-05-577.tsv
test_map_in_map_invalid	ddede090f41c42b4d1e5e9cb3b573635	c59128bdd60c8026836300114135d97b	207e138651794e83c160dadf03ff8fa6	EQUIV	seeded from sweep-2026-09-05-577.tsv
test_map_init	af42fbd6913034c8ea594091242705f2	220e252370c17dfe231abb0934ff4c25	207e138651794e83c160dadf03ff8fa6	EQUIV	seeded from sweep-2026-09-05-577.tsv
test_map_lock	163a3d6ac4696644c2cbf68948245679	9d0a57079d79f67dd13f04bf14e98548	207e138651794e83c160dadf03ff8fa6	EQUIV	seeded from sweep-2026-09-05-577.tsv
test_map_lookup_percpu_elem	3cf676975951189a5fb4f57883b104ce	76eadcd9086df2949f5675128349f915	207e138651794e83c160dadf03ff8fa6	EQUIV	seeded from sweep-2026-09-05-577.tsv
test_map_ops	5f16831a4cc0b32c865a56986d63d9f9	275f8a5d2812ab81b3dfecc3eed8ab74	207e138651794e83c160dadf03ff8fa6	EQUIV	seeded from sweep-2026-09-05-577.tsv
test_migrate_reuseport	685c233b6598f75ead5049a2f9876ee2	87c943021f2bf735bc2642b68532e7de	207e138651794e83c160dadf03ff8fa6	EQUIV	seeded from sweep-2026-09-05-577.tsv
test_misc_tcp_hdr_options	c9183e893c3aa5768471aab7d91c30cf	956cc809b6e81594f1be0b4272251f7a	207e138651794e83c160dadf03ff8fa6	UNKNOWN	seeded from sweep-2026-09-05-577.tsv
test_mmap	772c891f92fe6d571444cbb6f0e32cd7	aecb5b640e823f15ac5e5e00de71f997	207e138651794e83c160dadf03ff8fa6	EQUIV	seeded from sweep-2026-09-05-577.tsv
test_module_attach	8abdd1ef2f9209a8bcec7fb983928fc0	505fd99e01f986e19fc97341402326fc	207e138651794e83c160dadf03ff8fa6	EQUIV	seeded from sweep-2026-09-05-577.tsv
test_netfilter_link_attach	fa23bc230a32e41ee998f3c6e6888b67	18ce702a78c8d7db0396b6e928818eea	207e138651794e83c160dadf03ff8fa6	EQUIV	seeded from sweep-2026-09-05-577.tsv
test_ns_current_pid_tgid	e22c6843814a32dcfa2744dc4ad1e455	16e4e27561ff05f21f0a1c567da51e22	207e138651794e83c160dadf03ff8fa6	EQUIV	seeded from sweep-2026-09-05-577.tsv
test_obj_id	3f54a7dff9b7333b10e0da9b163acb67	2cb3bf5edd995e98a3bbe56f1f09d9f6	207e138651794e83c160dadf03ff8fa6	EQUIV	seeded from sweep-2026-09-05-577.tsv
test_overhead	c1c2ca0f5e7ee595ae450e7c58331e38	ce3a32233315d37d47020692c0b6e10b	207e138651794e83c160dadf03ff8fa6	EQUIV	seeded from sweep-2026-09-05-577.tsv
test_parse_tcp_hdr_opt	7efd593380e1efefcd236aee2f91ec84	639a594f9b64ed1d6b2373fea42049bd	207e138651794e83c160dadf03ff8fa6	TIMEOUT	seeded from sweep-2026-09-05-577.tsv
test_parse_tcp_hdr_opt_dynptr	85c612c29615ef83cac6572ebe54566f	777d4650f481bc69bf57dac745f34a52	207e138651794e83c160dadf03ff8fa6	BAIL	seeded from sweep-2026-09-05-577.tsv
test_pe_preserve_elems	df0546cba4e31d69f749aeab69ad2777	5c195aa827cd40945e90288d84dea105	207e138651794e83c160dadf03ff8fa6	EQUIV	seeded from sweep-2026-09-05-577.tsv
test_perf_branches	022cc0e329cea2acd150c0ee86806d42	6ba8bbcc8706fc2ba828e88597c1f773	207e138651794e83c160dadf03ff8fa6	EQUIV	seeded from sweep-2026-09-05-577.tsv
test_perf_buffer	ba87492d380fb1cff80081328a9f8221	1d7c7830df763d4266dbb8adb39ee92f	207e138651794e83c160dadf03ff8fa6	EQUIV	seeded from sweep-2026-09-05-577.tsv
test_perf_link	e46da0491557f395dedd9933c32f5dc1	781191282efae4bd9b06e563b1f35639	207e138651794e83c160dadf03ff8fa6	EQUIV	seeded from sweep-2026-09-05-577.tsv
test_perf_skip	8ed8086e9b304d53d1c4f64c0cc14505	8a5e74aa3d52cb4360ba28e23b3f3bb7	207e138651794e83c160dadf03ff8fa6	EQUIV	seeded from sweep-2026-09-05-577.tsv
test_pinning	382dd99aab51fa25d1b5c02c6804c54e	13a4d8c746472225881a15f5c3259747	207e138651794e83c160dadf03ff8fa6	NOPROGS	seeded from sweep-2026-09-05-577.tsv
test_pinning_devmap	ef4421e8305e482671d38ebb3f8a8c0a	43f722ea930d30b77292bc200b00541b	207e138651794e83c160dadf03ff8fa6	NOPROGS	seeded from sweep-2026-09-05-577.tsv
test_pinning_htab	5544d15e2e668685cbd32feb076b1d49	c8e5cd1dfbb4515a414c64eaed5f8ade	207e138651794e83c160dadf03ff8fa6	NOPROGS	seeded from sweep-2026-09-05-577.tsv
test_pinning_invalid	4fed99cccdc9fad9d41631510114aa2d	82f3580f4f18a51d3e5df02c5d1ba76f	207e138651794e83c160dadf03ff8fa6	NOPROGS	seeded from sweep-2026-09-05-577.tsv
test_pkt_access	3b364ea5bdcb4319546a93444e7f34e6	8caaef35eed642a854d7be0cd656bdd4	207e138651794e83c160dadf03ff8fa6	EQUIV	seeded from sweep-2026-09-05-577.tsv
test_pkt_md_access	1e4dfaeb06f43c2f03f8a5076cbfdc12	868e8f547d776148841c7af04dc625b0	207e138651794e83c160dadf03ff8fa6	EQUIV	seeded from sweep-2026-09-05-577.tsv
test_probe_read_user_str	e4d11dd7e3807500121c2809572ffce7	c8911e01eef1cd42a0249f3dd9424635	207e138651794e83c160dadf03ff8fa6	EQUIV	seeded from sweep-2026-09-05-577.tsv
test_probe_user	e42c6f7f11658430525474fd28a4c02c	ba50210a74593be56af97d1ff71ae4c4	207e138651794e83c160dadf03ff8fa6	BAIL	seeded from sweep-2026-09-05-577.tsv
test_ptr_untrusted	1e7a76235fac30a65646e22a2374fe9e	d1cb6b84e40f9b0b7cddefa128b58ea3	207e138651794e83c160dadf03ff8fa6	EQUIV	seeded from sweep-2026-09-05-577.tsv
test_queue_map	8849e8e09ff09d273ca4a0648f165b95	d3638f2f6225395be0836985b13252ae	207e138651794e83c160dadf03ff8fa6	EQUIV	seeded from sweep-2026-09-05-577.tsv
test_raw_tp_test_run	a0b06a0958f98901fb5ebe6b29503590	3e8a47c6863936b33731525f3fcf716b	207e138651794e83c160dadf03ff8fa6	EQUIV	seeded from sweep-2026-09-05-577.tsv
test_rdonly_maps	dc33b3b1c4f71f201defd22f1106e5e8	ed10f620fdc41134595f16632d1c7e33	207e138651794e83c160dadf03ff8fa6	EQUIV	seeded from sweep-2026-09-05-577.tsv
test_ringbuf	f7fbd907a3af37825c3be905ebc75e45	9bdd42c482a890ed3eace2e124a04033	207e138651794e83c160dadf03ff8fa6	EQUIV	seeded from sweep-2026-09-05-577.tsv
test_seg6_loop	32aeb9e5a73401008ad81d473c49b884	9cff454ef08ad5d4c72055d0950cd2a5	207e138651794e83c160dadf03ff8fa6	TIMEOUT	seeded from sweep-2026-09-05-577.tsv
test_select_reuseport_kern	e7314862f4bb95705d1024e8236e7877	9997ede947f8fad4f647a83b2fe8699d	207e138651794e83c160dadf03ff8fa6	BAIL	seeded from sweep-2026-09-05-577.tsv
test_send_signal_kern	10cd4f61569e86f48eeb19b0629487b3	722f8c65c11d26df89d9f5b9e4b9c792	207e138651794e83c160dadf03ff8fa6	EQUIV	seeded from sweep-2026-09-05-577.tsv
test_sig_in_xattr	1b5aa42a89534ce7110f2c80b5203149	c8ca5f90d39a6f1992261492612c357c	207e138651794e83c160dadf03ff8fa6	EQUIV	seeded from sweep-2026-09-05-577.tsv
test_signed_loader	c248265d1bd0dca84c5373df6b94baca	c6115cd594e6cde0dc2a1f9064053903	207e138651794e83c160dadf03ff8fa6	EQUIV	seeded from sweep-2026-09-05-577.tsv
test_signed_loader_data	8d059810988ccd39afd478d1e9e98cbd	cd7df42ba67f414e8a5876ced60cf2db	207e138651794e83c160dadf03ff8fa6	EQUIV	seeded from sweep-2026-09-05-577.tsv
test_signed_loader_lsm	ce2b1536ed32176984c36bafb33abc65	57f34aa482ebda02648d8003b3cd2abc	207e138651794e83c160dadf03ff8fa6	EQUIV	seeded from sweep-2026-09-05-577.tsv
test_signed_loader_map	1ec307a6bd444624d0f1b58c98ff95c1	06938f645d258055227b0fd2cd93da44	207e138651794e83c160dadf03ff8fa6	EQUIV	seeded from sweep-2026-09-05-577.tsv
test_sk_assign	d3b0121171c53b78df3351c9e81217bf	d8de7ae7e4b458a30f8a227288ae9874	207e138651794e83c160dadf03ff8fa6	BAIL	seeded from sweep-2026-09-05-577.tsv
test_sk_assign_libbpf	72d14c333b7da280f24492b9b1428630	d596e94b0ad5b21e9ad8565ecc3895f1	207e138651794e83c160dadf03ff8fa6	EQUIV	seeded from sweep-2026-09-05-577.tsv
test_sk_lookup	dbfcc55242da6b516251ef04dd82677c	9b0e380ecf31308191cd915c3848651f	207e138651794e83c160dadf03ff8fa6	BAIL	seeded from sweep-2026-09-05-577.tsv
test_sk_lookup_kern	ab3461f0e17f7c99f4a2f8edbaf2fd94	ad9f15046990fe6222f084c5f35fda8f	207e138651794e83c160dadf03ff8fa6	EQUIV	seeded from sweep-2026-09-05-577.tsv
test_sk_storage_trace_itself	dcefc39abcd88beb32f130c9f80f7f6f	5bcd6c69ec6ce97d89ea206c535b34cb	207e138651794e83c160dadf03ff8fa6	EQUIV	seeded from sweep-2026-09-05-577.tsv
test_skb_ctx	92c881217e6d9712e4173a8216d5534d	9e40754c6210e2a50410135128468ce1	207e138651794e83c160dadf03ff8fa6	EQUIV	seeded from sweep-2026-09-05-577.tsv
test_skb_helpers	81a014dc88253208f434a46d4cdfa384	d4686c7322d2d520a546a5da9c274cfd	207e138651794e83c160dadf03ff8fa6	EQUIV	seeded from sweep-2026-09-05-577.tsv
test_skmsg_load_helpers	c6229f55580a657b8dad083c5e97e805	66bf0cf4cbd4313eec28f3ce990d0a37	207e138651794e83c160dadf03ff8fa6	EQUIV	seeded from sweep-2026-09-05-577.tsv
test_sleepable_tracepoints	b8484a46f820cd0e72ee5a2435974a7f	cd5ede1a9642e6b2e2d068cb4dfc579f	207e138651794e83c160dadf03ff8fa6	EQUIV	seeded from sweep-2026-09-05-577.tsv
test_snprintf_single	0e496baa07ab0aff2f7d30212321f27f	ddfb69a66a9308ae22dfb16512ea8678	207e138651794e83c160dadf03ff8fa6	BAIL	seeded from sweep-2026-09-05-577.tsv
test_sock_fields	2a6d0766e099aa29a56916f513f438e0	9d9289ff7a1c4dd91b15a84f7e0b9684	207e138651794e83c160dadf03ff8fa6	BAIL	seeded from sweep-2026-09-05-577.tsv
test_sockmap_change_tail	c16e4110dd8b4099579c3146f7125eb6	56aa88cf68d70522a94e4de8ac200d8e	207e138651794e83c160dadf03ff8fa6	EQUIV	seeded from sweep-2026-09-05-577.tsv
test_sockmap_drop_prog	7ac042cbe1231653d4e8337955b4bb6c	678a7ca56e27b4b39c31ba7a2cf0b6ee	207e138651794e83c160dadf03ff8fa6	EQUIV	seeded from sweep-2026-09-05-577.tsv
test_sockmap_invalid_update	3e28522f9c159be5e188c425fa87e3f2	08639fb2a8a057595f0f1fd78ae9fd4e	207e138651794e83c160dadf03ff8fa6	EQUIV	seeded from sweep-2026-09-05-577.tsv
test_sockmap_listen	876cbfd24b32083d643a38887824d664	2050812ca1c885dcdad1f3dffddbdeb6	207e138651794e83c160dadf03ff8fa6	EQUIV	seeded from sweep-2026-09-05-577.tsv
test_sockmap_msg_pop_data	5a5ded14c9c8991862a6d6bccfbea73e	012f3a486c101964ff37b55518e5ac28	207e138651794e83c160dadf03ff8fa6	EQUIV	seeded from sweep-2026-09-05-577.tsv
test_sockmap_pass_prog	9f0f18174fae68a147949cd1fbdedcbe	4d9a81585257bed7b3eb8412f1f98a5e	207e138651794e83c160dadf03ff8fa6	EQUIV	seeded from sweep-2026-09-05-577.tsv
test_sockmap_progs_query	b8f954a5930cbb6b1cf5d3e28b835a6b	f2301ae6421b915364322ffb1f6d9ec3	207e138651794e83c160dadf03ff8fa6	EQUIV	seeded from sweep-2026-09-05-577.tsv
test_sockmap_redir	a07ec9fa971687cf2670dd3268466970	14cedcb5afb5dc3eb529b7c5e2617c29	207e138651794e83c160dadf03ff8fa6	EQUIV	seeded from sweep-2026-09-05-577.tsv
test_sockmap_skb_verdict_attach	e707456df43f56b8d3ea9e5c6d8c079a	a1a64d67198ef293b6a87b3619ab4ed4	207e138651794e83c160dadf03ff8fa6	EQUIV	seeded from sweep-2026-09-05-577.tsv
test_sockmap_strp	e5a9e56c68d04a35cd41b5022579c77c	34c232d1600ee16369aa3168a549c2de	207e138651794e83c160dadf03ff8fa6	EQUIV	seeded from sweep-2026-09-05-577.tsv
test_spin_lock	faa4fbfb353ca5f16d41ad1518e989f7	53eab23443f141f33a93d01049846311	207e138651794e83c160dadf03ff8fa6	EQUIV	seeded from sweep-2026-09-05-577.tsv
test_spin_lock_fail	e24eb38d5e953f10d2475aba535211cf	cb1cc128f0ec1957ffcf8b5b327805d9	207e138651794e83c160dadf03ff8fa6	BAIL	seeded from sweep-2026-09-05-577.tsv
test_stack_map	981d89a9387280fb7e56a913d647eacf	16fc4d90de21df99cfd6d7e0303bfafd	207e138651794e83c160dadf03ff8fa6	EQUIV	seeded from sweep-2026-09-05-577.tsv
test_stack_var_off	ca8fc51a4e91afef6e55eb19535e1f00	d04b73986cc929ac108a49c0e83a5011	207e138651794e83c160dadf03ff8fa6	EQUIV	seeded from sweep-2026-09-05-577.tsv
test_stacktrace_build_id	585ee1d551bb58122433aa643810ab36	bdcd524f977783d226d4ee7f19269b4d	207e138651794e83c160dadf03ff8fa6	BAIL	seeded from sweep-2026-09-05-577.tsv
test_static_linked1	29bceabc54b91bf2766d5c49c500a90f	70e8761ae1bbc759f9317cd557b585b6	207e138651794e83c160dadf03ff8fa6	EQUIV	seeded from sweep-2026-09-05-577.tsv
test_static_linked2	c235844dbbbd2fdcf01c3d1705f2cfac	2fa243cc3eb9c0413df639259dd9a008	207e138651794e83c160dadf03ff8fa6	EQUIV	seeded from sweep-2026-09-05-577.tsv
test_subprogs	c1ce64f8b6599e2c1b9ff291488b44c6	4316a9c09709476a4e13702179c845f7	207e138651794e83c160dadf03ff8fa6	EQUIV	seeded from sweep-2026-09-05-577.tsv
test_subprogs_extable	27a125acaf5430064a33ea837c82f7b3	81caf1effbdbe6f15727f2dbf7bd8ad5	207e138651794e83c160dadf03ff8fa6	EQUIV	seeded from sweep-2026-09-05-577.tsv
test_subprogs_unused	d865db8602f8a6a6597eaf3e98eb2dc2	9842111e936e0b767e5ae187537f2e8e	207e138651794e83c160dadf03ff8fa6	EQUIV	seeded from sweep-2026-09-05-577.tsv
test_subskeleton_lib2	e91cc59c738741a0f9a7aefaea615b26	858ecbdb0a08643b0fb39223b498aadb	207e138651794e83c160dadf03ff8fa6	NOPROGS	seeded from sweep-2026-09-05-577.tsv
test_sysctl_loop1	f825a7050acff31b3d198050a115ebf8	a36c46a8e51564b0352d944f9a401b68	207e138651794e83c160dadf03ff8fa6	BAIL	seeded from sweep-2026-09-05-577.tsv
test_sysctl_loop2	3b00cf0197a2f19b181e0441d50efa5a	f224b3ca5b2643556ce48f99a57db40b	207e138651794e83c160dadf03ff8fa6	BAIL	seeded from sweep-2026-09-05-577.tsv
test_sysctl_prog	1c6649dc50957630e72abd14b4ab0387	cfa28bba54ae6752978d9ad02adca805	207e138651794e83c160dadf03ff8fa6	BAIL	seeded from sweep-2026-09-05-577.tsv
test_task_local_data	cf19ebad976954c8bb82bb633d2c9ae1	89c4983f71dd09f877b726a22205170c	207e138651794e83c160dadf03ff8fa6	TIMEOUT	seeded from sweep-2026-09-05-577.tsv
test_task_pt_regs	eac8ca2fee8dbedff5877c9dc7d4d113	b62fd7a9f1fa7e16fa6a243aa8c386a5	207e138651794e83c160dadf03ff8fa6	EQUIV	seeded from sweep-2026-09-05-577.tsv
test_task_under_cgroup	013dce72a32628cc7fa73f755fbbf36a	f72eac2feb076f3e603b221e517b279f	207e138651794e83c160dadf03ff8fa6	EQUIV	seeded from sweep-2026-09-05-577.tsv
test_tc_bpf	b0396f7a4cb2c9314325c446157cba87	c869d54cf89e13701fa4855d879cb44e	207e138651794e83c160dadf03ff8fa6	EQUIV	seeded from sweep-2026-09-05-577.tsv
test_tc_change_tail	83845c7e39468a9615f3dedb31a64d0d	2ba34c6a1a482bf55cbaf54982db2b73	207e138651794e83c160dadf03ff8fa6	EQUIV	seeded from sweep-2026-09-05-577.tsv
test_tc_dtime	3aa1fdd03c70f59dd15d0258e815c5bf	862d4c7ed8efc05b0a438630aefa9775	207e138651794e83c160dadf03ff8fa6	EQUIV	seeded from sweep-2026-09-05-577.tsv
test_tc_edt	c6130b26b1c57a5475d8f287d04a6c63	d315d4b5445561b6f3fe24f5817969aa	207e138651794e83c160dadf03ff8fa6	EQUIV	seeded from sweep-2026-09-05-577.tsv
test_tc_link	0f6abd3acea6934d8ff0b84e15f09519	cd296fd8a4d89159388ae5c9adae35b0	207e138651794e83c160dadf03ff8fa6	EQUIV	seeded from sweep-2026-09-05-577.tsv
test_tc_neigh	9714f7d86c6a052169c5c12cee2818e3	2e97290f7c4fbe56ab826229977e27c4	207e138651794e83c160dadf03ff8fa6	EQUIV	seeded from sweep-2026-09-05-577.tsv
test_tc_neigh_fib	9de0cc4af0163c00142737082bcba950	9a56b1d2387e23775f24fb94a1a6b45a	207e138651794e83c160dadf03ff8fa6	EQUIV	seeded from sweep-2026-09-05-577.tsv
test_tc_peer	aea6c1041b9af8ab8dabc9a5b0cb0c90	6a1efdf84763f81ce1686aa99ab3bd77	207e138651794e83c160dadf03ff8fa6	EQUIV	seeded from sweep-2026-09-05-577.tsv
test_tc_tunnel	893aeeb852e81efd11be76006edc99db	79d96434e657bd6399bc5e75d5d23ced	207e138651794e83c160dadf03ff8fa6	BAIL	seeded from sweep-2026-09-05-577.tsv
test_tcp_custom_syncookie	0dd0d13bd9d9829ebdf1f93b1fcd7025	46229eacc416d57dfaa6fa44ea7d9b5f	207e138651794e83c160dadf03ff8fa6	BAIL	seeded from sweep-2026-09-05-577.tsv
test_tcp_estats	173e2a2c9c181fcb78c56f1c254e9763	3ef275626a1feb16547a08df509e2555	207e138651794e83c160dadf03ff8fa6	EQUIV	seeded from sweep-2026-09-05-577.tsv
test_tcp_hdr_options	eeaf208e8d5b70198406a61ed3e15bd5	d5a04e9dfe036206da149fc6729083fb	207e138651794e83c160dadf03ff8fa6	UNKNOWN	seeded from sweep-2026-09-05-577.tsv
test_tcpbpf_kern	5c188d11e71509aa232b644029475fb8	116cd50a344684b3303ff74997acb2a6	207e138651794e83c160dadf03ff8fa6	EQUIV	seeded from sweep-2026-09-05-577.tsv
test_time_tai	6c7321488373cfc33c9c45d0739bcdd9	97bcc3fd5298a13cbd9161cb8f8d4113	207e138651794e83c160dadf03ff8fa6	EQUIV	seeded from sweep-2026-09-05-577.tsv
test_trace_ext	4880980b08fe9972df479ec66d8df238	d969de13407569f672160dbdd7a8dc61	207e138651794e83c160dadf03ff8fa6	EQUIV	seeded from sweep-2026-09-05-577.tsv
test_trace_ext_tracing	41bcc84249e79e17494f13f639ad580c	eff9240014f3a57785bda8fc2a6890bc	207e138651794e83c160dadf03ff8fa6	EQUIV	seeded from sweep-2026-09-05-577.tsv
test_tracepoint	eb15c6f78c5b3f0df26568b54f49728b	ec27bd457ce8352a4f6209eba3abfe2f	207e138651794e83c160dadf03ff8fa6	EQUIV	seeded from sweep-2026-09-05-577.tsv
test_trampoline_count	38f15e711dadf4c72c530c4838561b5d	596a2f6b7af12a8db383afc15c7265b4	207e138651794e83c160dadf03ff8fa6	EQUIV	seeded from sweep-2026-09-05-577.tsv
test_tunnel_kern	6e60740fb5a7754209da73b5c7554583	92235c3a353082d1504ddf5ae69793a0	207e138651794e83c160dadf03ff8fa6	BAIL	seeded from sweep-2026-09-05-577.tsv
test_unpriv_bpf_disabled	c2c9a1161ca277be82ebed94550dda4e	f60654aae360c78d63a181ac601a0992	207e138651794e83c160dadf03ff8fa6	EQUIV	seeded from sweep-2026-09-05-577.tsv
test_uprobe	72828de21e71d433a9e08b74dd3b5c08	1b07f73dca0e929662cf1ac2cab6fe57	207e138651794e83c160dadf03ff8fa6	EQUIV	seeded from sweep-2026-09-05-577.tsv
test_uprobe_autoattach	d75c570c8aebf8eca66b0f4130bf934b	753fd3b3f6e5855cdc839b3b98407f1a	207e138651794e83c160dadf03ff8fa6	EQUIV	seeded from sweep-2026-09-05-577.tsv
test_varlen	8d3630ffaaccdbad97d7cd33ed98939f	b540c10acf798d23be2c547403dbc8d1	207e138651794e83c160dadf03ff8fa6	BAIL	seeded from sweep-2026-09-05-577.tsv
test_verif_scale1	a19bcbbc7364fd6e314050bb94b9d242	d5f8a7c9eafeb8dcaf7255fbf6eb9276	207e138651794e83c160dadf03ff8fa6	UNKNOWN	seeded from sweep-2026-09-05-577.tsv
test_verif_scale2	231f500b7dce109c5d42cd4c4a1f0b61	f8081108f6fe0018b2a97fa01acee541	207e138651794e83c160dadf03ff8fa6	UNKNOWN	seeded from sweep-2026-09-05-577.tsv
test_verif_scale3	14a13331cf5cd0feaabb8a3e17024f1d	320a5155310b0b9f30beef8395102159	207e138651794e83c160dadf03ff8fa6	UNKNOWN	seeded from sweep-2026-09-05-577.tsv
test_verify_pkcs7_sig	3671ab86b81828adbc928b24f9434429	0f40f488d1d9662bf670e6f6ee67d549	207e138651794e83c160dadf03ff8fa6	BAIL	seeded from sweep-2026-09-05-577.tsv
test_vmlinux	33611a1eecab59074bf54ff1013946fe	6a37e4468b860d0cae8f5dcd8b1a147d	207e138651794e83c160dadf03ff8fa6	EQUIV	seeded from sweep-2026-09-05-577.tsv
test_wakeup_source	630a99e26a9fd11dd0cf31f0b684f876	e25bf8587e85f6ce83990fd0360c2d2c	207e138651794e83c160dadf03ff8fa6	BAIL	seeded from sweep-2026-09-05-577.tsv
test_xdp	16fedf5912146914cda9f1b6ba001857	c55b76d335ad041c91b83b7625aab9fc	207e138651794e83c160dadf03ff8fa6	EQUIV	seeded from sweep-2026-09-05-577.tsv
test_xdp_adjust_tail_grow	c57a02a8cb2fff073268ffc353256250	76d3b24ee0ca1560b1d439cde4058cc1	207e138651794e83c160dadf03ff8fa6	EQUIV	seeded from sweep-2026-09-05-577.tsv
test_xdp_adjust_tail_shrink	f4e2d1c36f21d438704c0828002cd63c	9ec3723923f81e16ee11439e424f6fa8	207e138651794e83c160dadf03ff8fa6	EQUIV	seeded from sweep-2026-09-05-577.tsv
test_xdp_attach_fail	101265d48424be41ba76b4cb9d4f3d1d	37db1d0dfe703a3fc5a625b1f75700a6	207e138651794e83c160dadf03ff8fa6	EQUIV	seeded from sweep-2026-09-05-577.tsv
test_xdp_bpf2bpf	994b105b0f66e64b7a1bcbbe7ae2e9ad	3c423ee71434adc563dee8052ea1d75c	207e138651794e83c160dadf03ff8fa6	EQUIV	seeded from sweep-2026-09-05-577.tsv
test_xdp_context_test_run	ced5d698b053eae84313c1164414d5c9	6441ede0a94d4c7af8224a8b4799a582	207e138651794e83c160dadf03ff8fa6	EQUIV	seeded from sweep-2026-09-05-577.tsv
test_xdp_devmap_helpers	1a9ee164e78487fbbd0a921ec6f9517f	9bcba64edd06c107272dd0fae429a7dc	207e138651794e83c160dadf03ff8fa6	BAIL	seeded from sweep-2026-09-05-577.tsv
test_xdp_devmap_tailcall	df959e8c78f1fb40b4f1cf05938d15f5	881acff1cfd6c2008b22391b0a7a59f7	207e138651794e83c160dadf03ff8fa6	EQUIV	seeded from sweep-2026-09-05-577.tsv
test_xdp_do_redirect	31cbf7f7bc8853a6aee69c4c77194f07	cbe0296a44621d8727d2e977dd66e837	207e138651794e83c160dadf03ff8fa6	EQUIV	seeded from sweep-2026-09-05-577.tsv
test_xdp_dynptr	2d7944b4aa7351512ca5c35eab9b8b33	6d31b2688eac91f8a156bdd838063c14	207e138651794e83c160dadf03ff8fa6	BAIL	seeded from sweep-2026-09-05-577.tsv
test_xdp_link	86d703d346ae3ac89b77a7197bde2d3b	d14814af4726ddff8eb21872631add0b	207e138651794e83c160dadf03ff8fa6	EQUIV	seeded from sweep-2026-09-05-577.tsv
test_xdp_loop	ec2c2863d5ffd71dfa744393493e6fdd	4ce45e3195014818b7374c4a69111867	207e138651794e83c160dadf03ff8fa6	EQUIV	seeded from sweep-2026-09-05-577.tsv
test_xdp_meta	b802e7e0b9d93ed9cad167a247209558	1f9a122d81918083b65634a7f8e8c51d	207e138651794e83c160dadf03ff8fa6	BAIL	seeded from sweep-2026-09-05-577.tsv
test_xdp_noinline	e5c8392577f5e71123b69f8a1d8178b1	fcd5ec33617a7585bf30e172ea16361c	207e138651794e83c160dadf03ff8fa6	TIMEOUT	seeded from sweep-2026-09-05-577.tsv
test_xdp_pull_data	c0b64bf3e8cccb908dfbc0e1089b7436	a30a3359d8023865f70516c9b4082b40	207e138651794e83c160dadf03ff8fa6	EQUIV	seeded from sweep-2026-09-05-577.tsv
test_xdp_update_frags	27e1afb91a0de9a0dc64854881a1e577	68abd02dce0a175221df0f6eca81ccff	207e138651794e83c160dadf03ff8fa6	EQUIV	seeded from sweep-2026-09-05-577.tsv
test_xdp_vlan	e0fc8b14c864a267a27df200c5119623	3b0274684283fd0fa7176823a3865da5	207e138651794e83c160dadf03ff8fa6	EQUIV	seeded from sweep-2026-09-05-577.tsv
test_xdp_with_cpumap_frags_helpers	b4c23eb833f516c7fb1e5bcb73e6abc2	c3346e70386bbb3783576025b4bb6ba2	207e138651794e83c160dadf03ff8fa6	EQUIV	seeded from sweep-2026-09-05-577.tsv
test_xdp_with_cpumap_helpers	23d80c1236f98193d046408e851bfcbf	397fd52f7e45eeb7d3f2a9e37bf90542	207e138651794e83c160dadf03ff8fa6	EQUIV	seeded from sweep-2026-09-05-577.tsv
test_xdp_with_devmap_frags_helpers	eb1c6ac206c094cd439a72d8443c45ab	7131b0f4af3951d22b0826a9961b93f8	207e138651794e83c160dadf03ff8fa6	EQUIV	seeded from sweep-2026-09-05-577.tsv
test_xdp_with_devmap_helpers	4a5280e8c10fc5d694070a804816efe6	29f728179fb761fb6217b7bd7965e1f4	207e138651794e83c160dadf03ff8fa6	EQUIV	seeded from sweep-2026-09-05-577.tsv
timer	ae0286ed10e152effe3084f2c7cc4a3c	0af6892b9d08474b301b783be8472a4d	207e138651794e83c160dadf03ff8fa6	BAIL	seeded from sweep-2026-09-05-577.tsv
timer_crash	1b663b15930c4ef4ce3014fd77bc2774	b061e67b5e613c86cfc9aa3637fe6829	207e138651794e83c160dadf03ff8fa6	EQUIV	seeded from sweep-2026-09-05-577.tsv
timer_interrupt	783fdf1b19936f8918b884b9a82d2e2a	ac929aa96d9884c40d3a79b32fc5bf3a	207e138651794e83c160dadf03ff8fa6	BAIL	seeded from sweep-2026-09-05-577.tsv
timer_lockup	8bb0a19e841c56eea4cd0463ceb30955	087aa98eb0ed24e4ef0137ed9b56d195	207e138651794e83c160dadf03ff8fa6	EQUIV	seeded from sweep-2026-09-05-577.tsv
timer_mim_reject	c55630c151d94f3fdb28350cff0d0580	101f1c414d4ea5c409187a1ea72e1c61	207e138651794e83c160dadf03ff8fa6	EQUIV	seeded from sweep-2026-09-05-577.tsv
timer_start_deadlock	c77d4d2942af9cf6b25eb2c02b2d6e36	6c2015530d49e07510d08616d09450c6	207e138651794e83c160dadf03ff8fa6	BAIL	seeded from sweep-2026-09-05-577.tsv
timer_start_delete_race	eeaf3152ac0ef17f0da2b7961c9732cd	2a938e47a1e13a406bd7e3598f0d836a	207e138651794e83c160dadf03ff8fa6	BAIL	seeded from sweep-2026-09-05-577.tsv
token_kallsyms	c7aabe1fc8ca1287651f3386fb910085	eeb0a38736836bd09b8d78e420ee3516	207e138651794e83c160dadf03ff8fa6	EQUIV	seeded from sweep-2026-09-05-577.tsv
token_lsm	8c152dac11b429718b887f4e311034ae	4c4fb126d2a746c57629f7a7eb618e20	207e138651794e83c160dadf03ff8fa6	EQUIV	seeded from sweep-2026-09-05-577.tsv
trace_dummy_st_ops	1c0503f7bd9c4bac14e05520f1842601	645bd3bbc96c7d44a5b5f178cff7ff60	207e138651794e83c160dadf03ff8fa6	EQUIV	seeded from sweep-2026-09-05-577.tsv
trace_printk	adfcb3bb85fb311730437c120468b1a7	078c9512bf3f88ce50e5dcfb2a7ed903	207e138651794e83c160dadf03ff8fa6	BAIL	seeded from sweep-2026-09-05-577.tsv
tracing_failure	eef28cb130352effabeaff7f266b6f42	bde2c1ed383ed2e908fd96b2773153f2	207e138651794e83c160dadf03ff8fa6	UNKNOWN	seeded from sweep-2026-09-05-577.tsv
tracing_multi_bench	6fea0dc8c12cdb4a8e57144b1fbebae4	e7ad4f70e5db4ba3a1d6cacecccf77f6	207e138651794e83c160dadf03ff8fa6	EQUIV	seeded from sweep-2026-09-05-577.tsv
tracing_multi_fail	587b2150c26c570e35889bcf0b94beab	34acdc7ad5037c2a12d8a7cbffaf156e	207e138651794e83c160dadf03ff8fa6	EQUIV	seeded from sweep-2026-09-05-577.tsv
tracing_multi_rollback	5cdf859d3eaaa41f87e08533bf0bec53	25650881cdddb95d6e54bf4f16ecafff	207e138651794e83c160dadf03ff8fa6	EQUIV	seeded from sweep-2026-09-05-577.tsv
tracing_struct	dd5651301254a6f1a249cf9fe8a3dee1	1e93e4bd96ec4495fbef288ed693b3d6	207e138651794e83c160dadf03ff8fa6	EQUIV	seeded from sweep-2026-09-05-577.tsv
tracing_struct_many_args	4ff8a4464e7e104969f80f9a1400523d	0f2dde48f722afa5d59db92ff993076c	207e138651794e83c160dadf03ff8fa6	EQUIV	seeded from sweep-2026-09-05-577.tsv
twfw	74de393cc28e6267a227b635cedca23e	db32ba1f7d706d8b9a8083969b35ad30	207e138651794e83c160dadf03ff8fa6	EQUIV	seeded from sweep-2026-09-05-577.tsv
udp_limit	965038046399d209a11775d909feffef	f1b3ee930559970bd0e809f520ce708e	207e138651794e83c160dadf03ff8fa6	BAIL	seeded from sweep-2026-09-05-577.tsv
update_map_in_htab	76abdd4cb0d0ce12a05c53904ce97899	f3499e595058d5ee297115569eaace51	207e138651794e83c160dadf03ff8fa6	NOPROGS	seeded from sweep-2026-09-05-577.tsv
uprobe_multi_bench	e34efedcded8da12373df032bcc6edea	d157a015f22afb7d5999b01f47578a3f	207e138651794e83c160dadf03ff8fa6	EQUIV	seeded from sweep-2026-09-05-577.tsv
uprobe_multi_consumers	eddd96b09fec736e71942993fa856bda	13a906583d3e6e656b582cd6274d3eaf	207e138651794e83c160dadf03ff8fa6	EQUIV	seeded from sweep-2026-09-05-577.tsv
uprobe_multi_pid_filter	b42cb623d123bf4d19a20bc6266d083c	8dc3763c3156b346c4f4b62b72a0bf44	207e138651794e83c160dadf03ff8fa6	EQUIV	seeded from sweep-2026-09-05-577.tsv
uprobe_multi_session	c3f332b48de98269f1940c39e21e0b86	048353fbf07c30c86961906fa30e05f4	207e138651794e83c160dadf03ff8fa6	EQUIV	seeded from sweep-2026-09-05-577.tsv
uprobe_multi_session_cookie	625c407dbd47251ad3accc1398d10c09	e185d4d50712384db1f4930634e84eb1	207e138651794e83c160dadf03ff8fa6	EQUIV	seeded from sweep-2026-09-05-577.tsv
uprobe_multi_session_recursive	9f154d3cb20ff80c3e3350d59fca7cb0	8807b5ba2b1d28596c35e8197170d788	207e138651794e83c160dadf03ff8fa6	EQUIV	seeded from sweep-2026-09-05-577.tsv
uprobe_multi_session_single	4173658d0ff7183d15469aaeee791dab	1e95bd35669b26d060ba72d7632da574	207e138651794e83c160dadf03ff8fa6	EQUIV	seeded from sweep-2026-09-05-577.tsv
uprobe_multi_usdt	e6606e80a3752b3d0705357b59d5b2ad	9299feeda2ede236035c4744196fe610	207e138651794e83c160dadf03ff8fa6	EQUIV	seeded from sweep-2026-09-05-577.tsv
uprobe_syscall	d36d043475e9e10cc14a4376120d1769	804de57ccf86b64d4d3da5ce38e43087	207e138651794e83c160dadf03ff8fa6	EQUIV	seeded from sweep-2026-09-05-577.tsv
user_ringbuf_success	c045f7f71dc968964eb989e0e8b2836d	bc80716c6c4f18ee0e00eb73e952220b	207e138651794e83c160dadf03ff8fa6	BAIL	seeded from sweep-2026-09-05-577.tsv
verifier_kfunc_prog_types	b43bedd1a410626129fec841898e2405	358daaedfd34a1eb474d65ba8ab4e83a	207e138651794e83c160dadf03ff8fa6	EQUIV	seeded from sweep-2026-09-05-577.tsv
verifier_mtu	e4f5f6a967d5af54721f0e9acb106d9f	a2519c05e5eeabf15a6836b231ede928	207e138651794e83c160dadf03ff8fa6	EQUIV	seeded from sweep-2026-09-05-577.tsv
vrf_socket_lookup	0da575930cb258ac5e58814460d10511	057a3b44681a4da650f1b4c8c59db7af	207e138651794e83c160dadf03ff8fa6	EQUIV	seeded from sweep-2026-09-05-577.tsv
wq	c20294c4c807bd5cfa30330a2dad30b3	2533fb75a6395cedc88ddeab498e6d29	207e138651794e83c160dadf03ff8fa6	BAIL	seeded from sweep-2026-09-05-577.tsv
xdp_dummy	3912240b8acd9b87c4d64094afb78967	dcf545cc451d298cecd22d3aaca435db	207e138651794e83c160dadf03ff8fa6	UNKNOWN	seeded from sweep-2026-09-05-577.tsv
xdp_flowtable	f9a6f7a49a6f7cacc4471473a52cb052	8ee0a91e4b0c4bc63af14b035c4bcc8a	207e138651794e83c160dadf03ff8fa6	BAIL	seeded from sweep-2026-09-05-577.tsv
xdp_metadata	17664dcb47b86f6535e26c1dfb058017	7fb97aa5119574e6c19cd054991064b5	207e138651794e83c160dadf03ff8fa6	EQUIV	seeded from sweep-2026-09-05-577.tsv
xdp_metadata2	0796f485747e38af2d755b25d57b9378	85d272adfd3efee8ccd54267091a75ab	207e138651794e83c160dadf03ff8fa6	EQUIV	seeded from sweep-2026-09-05-577.tsv
xdp_redirect_map	1883aad5375678e368102d694abf6523	da66b68b1537b933ccd2a7c684e35823	207e138651794e83c160dadf03ff8fa6	BAIL	seeded from sweep-2026-09-05-577.tsv
xdp_redirect_multi_kern	8418f78519391b7bc7fcc99f5e72e500	37c370478d591c7ffa78c84650c849b1	207e138651794e83c160dadf03ff8fa6	EQUIV	seeded from sweep-2026-09-05-577.tsv
xdp_tx	1a6684a43f083142310b0a18b6c82456	a87bad05a175a72b4b195f752b875af5	207e138651794e83c160dadf03ff8fa6	EQUIV	seeded from sweep-2026-09-05-577.tsv
xdpwall	7e6782dbb4f4f78550dbb3a82348869a	2966cfda85e39c1ffa80e472bcc8bfff	207e138651794e83c160dadf03ff8fa6	EQUIV	seeded from sweep-2026-09-05-577.tsv
xfrm_info	5499eb7a5442a99ef27322cd84694554	7f86c52c2e9e85a9c6c1a888ae3cbe4f	207e138651794e83c160dadf03ff8fa6	EQUIV	seeded from sweep-2026-09-05-577.tsv
xsk_xdp_progs	3ab73ec64759438e6b64bcad858b162f	044303d1d38689971f66838197a474eb	207e138651794e83c160dadf03ff8fa6	EQUIV	seeded from sweep-2026-09-05-577.tsv
