access_map_in_map	TIMEOUT
aggregate_ret_func	BAIL
aggregate_ret_kfunc	BAIL
aggregate_ret_kfunc_arena	EQUIV
aggregate_ret_target	EQUIV
arena_atomics	EQUIV
arena_htab	BAIL
arena_htab_asm	BAIL
arena_kfunc	BAIL
arena_kfunc_jit	EQUIV
arena_list	TIMEOUT
arena_mem_usage	EQUIV
arena_spin_lock	BAIL
arena_strsearch	BAIL
atomic_bounds	EQUIV
atomics	EQUIV
bad_struct_ops	EQUIV
bad_struct_ops2	EQUIV
bind4_prog	EQUIV
bind6_prog	EQUIV
bind_perm	EQUIV
bloom_filter_map	BAIL
bpf_cc_cubic	TIMEOUT
bpf_cubic	BAIL
bpf_dctcp_release	EQUIV
bpf_flow	BAIL
bpf_gotox	EQUIV
bpf_iter_bpf_array_map	EQUIV
bpf_iter_bpf_hash_map	UNKNOWN
bpf_iter_bpf_link	EQUIV
bpf_iter_bpf_map	EQUIV
bpf_iter_bpf_percpu_array_map	EQUIV
bpf_iter_bpf_percpu_hash_map	EQUIV
bpf_iter_bpf_rhash_map	EQUIV
bpf_iter_bpf_sk_storage_helpers	BAIL
bpf_iter_bpf_sk_storage_map	EQUIV
bpf_iter_ipv6_route	BAIL
bpf_iter_ksym	UNKNOWN
bpf_iter_map_elem	EQUIV
bpf_iter_netlink	BAIL
bpf_iter_setsockopt	EQUIV
bpf_iter_setsockopt_unix	EQUIV
bpf_iter_sockmap	EQUIV
bpf_iter_task_btf	EQUIV
bpf_iter_task_file	EQUIV
bpf_iter_task_stack	BAIL
bpf_iter_task_vmas	EQUIV
bpf_iter_tasks	EQUIV
bpf_iter_tcp4	BAIL
bpf_iter_tcp6	BAIL
bpf_iter_test_kern1	EQUIV
bpf_iter_test_kern2	EQUIV
bpf_iter_test_kern3	EQUIV
bpf_iter_test_kern4	EQUIV
bpf_iter_test_kern5	EQUIV
bpf_iter_test_kern6	EQUIV
bpf_iter_udp4	BAIL
bpf_iter_udp6	BAIL
bpf_iter_unix	BAIL
bpf_iter_vma_offset	EQUIV
bpf_loop	BAIL
bpf_loop_bench	BAIL
bpf_qdisc_dynptr_use_after_invalidate_clone	BAIL
bpf_qdisc_fail__incompl_ops	EQUIV
bpf_smc	EQUIV
bpf_syscall_macro	BAIL
bpf_tcp_nogpl	EQUIV
bprm_opts	EQUIV
btf__core_reloc_misc	NOPROGS
btf_dump_test_case_syntax	NOPROGS
btf_type_tag	EQUIV
btf_type_tag_percpu	EQUIV
btf_type_tag_user	EQUIV
cg_storage_multi_egress_only	EQUIV
cg_storage_multi_isolated	EQUIV
cg_storage_multi_shared	EQUIV
cgroup_ancestor	BAIL
cgroup_getset_retval_getsockopt	EQUIV
cgroup_getset_retval_hooks	EQUIV
cgroup_getset_retval_setsockopt	EQUIV
cgroup_hierarchical_stats	UNKNOWN
cgroup_iter	EQUIV
cgroup_iter_memcg	BAIL
cgroup_mprog	EQUIV
cgroup_preorder	EQUIV
cgroup_skb_direct_packet_access	EQUIV
cgroup_skb_sk_lookup_kern	EQUIV
cgroup_storage	EQUIV
cgroup_tcp_skb	EQUIV
cgrp_kfunc_success	UNKNOWN
cgrp_ls_attach_cgroup	EQUIV
cgrp_ls_negative	EQUIV
cgrp_ls_recursion	EQUIV
cgrp_ls_sleepable	EQUIV
cgrp_ls_tp_btf	EQUIV
clone_attach_btf_id	EQUIV
connect4_dropper	EQUIV
connect6_prog	EQUIV
connect_force_port4	EQUIV
connect_force_port6	EQUIV
connect_ping	EQUIV
connect_unix_prog	BAIL
cpumask_success	TIMEOUT
csum_diff_test	EQUIV
decap_sanity	EQUIV
dev_cgroup	EQUIV
dmabuf_iter	TIMEOUT
dummy_st_ops_success	EQUIV
empty_skb	EQUIV
epilogue_exit	EQUIV
exceptions_ext	EQUIV
exhandler_kern	EQUIV
fd_htab_lookup	NOPROGS
fentry_many_args	EQUIV
fentry_recursive	EQUIV
fentry_recursive_target	EQUIV
fentry_sleepable	EQUIV
fentry_test	EQUIV
fexit_bpf2bpf	BAIL
fexit_bpf2bpf_simple	EQUIV
fexit_many_args	EQUIV
fexit_sleep	EQUIV
fexit_test	EQUIV
fib_lookup	EQUIV
file_reader	BAIL
find_vma_fail1	BAIL
find_vma_fail2	BAIL
fmod_ret_freplace	EQUIV
for_each_array_map_elem	EQUIV
for_each_hash_map_elem	EQUIV
for_each_hash_modify	BAIL
for_each_map_elem_write_key	EQUIV
for_each_multi_maps	EQUIV
free_timer	TIMEOUT
freplace_attach_probe	EQUIV
freplace_connect4	EQUIV
freplace_connect_v4_prog	EQUIV
freplace_dead_global_func	EQUIV
freplace_get_constant	EQUIV
freplace_global_func	EQUIV
freplace_int_with_void	EQUIV
freplace_progmap	EQUIV
freplace_ret_pair	EQUIV
freplace_unreliable_prog	EQUIV
freplace_void	EQUIV
fsession_test	EQUIV
get_branch_snapshot	TIMEOUT
get_cgroup_id_kern	EQUIV
get_func_args_fsession_test	EQUIV
get_func_args_test	EQUIV
get_func_ip_fsession_test	EQUIV
get_func_ip_uprobe_test	EQUIV
get_smp_processor_id	EQUIV
getpeername4_prog	EQUIV
getpeername6_prog	EQUIV
getpeername_unix_prog	BAIL
getsockname4_prog	EQUIV
getsockname6_prog	EQUIV
getsockname_unix_prog	BAIL
htab_reuse	NOPROGS
htab_update	EQUIV
icmp_send	EQUIV
ima	EQUIV
ip_check_defrag	BAIL
iters_css	BAIL
iters_css_task	TIMEOUT
iters_num	TIMEOUT
iters_task	BAIL
jit_probe_mem	EQUIV
kfree_skb	EQUIV
kfunc_call_destructive	EQUIV
kfunc_call_fail	BAIL
kfunc_call_race	EQUIV
kfunc_call_test	BAIL
kfunc_implicit_args_tracing	EQUIV
kfunc_module_order	EQUIV
kmem_cache_iter	TIMEOUT
kprobe_multi	EQUIV
kprobe_multi_empty	EQUIV
kprobe_multi_override	EQUIV
kprobe_multi_session	EQUIV
kprobe_multi_session_cookie	EQUIV
kprobe_multi_sleepable	EQUIV
kprobe_write_ctx	EQUIV
ksock_lsm	BAIL
ksock_wq	BAIL
ksym_race	EQUIV
lirc_mode2	EQUIV
livepatch_trampoline	EQUIV
load_bytes_relative	EQUIV
local_storage	BAIL
loop1	BAIL
loop2	EQUIV
loop3	TIMEOUT
loop4	EQUIV
loop5	EQUIV
loop6	TIMEOUT
lpm_trie_map	NOPROGS
lru_bug	EQUIV
lru_lock_nmi	EQUIV
lsm	EQUIV
lsm_bdev	EQUIV
lsm_cgroup_nonvoid	EQUIV
lsm_tailcall	EQUIV
lwt_misc	EQUIV
map_excl	EQUIV
metadata_unused	EQUIV
metadata_used	EQUIV
missed_kprobe	EQUIV
missed_kprobe_recursion	EQUIV
missed_tp_recursion	EQUIV
mmap_inner_array	EQUIV
modify_return	EQUIV
mptcp_sock	BAIL
mptcp_sockmap	EQUIV
mptcp_subflow	BAIL
mptcpify	EQUIV
nested_acquire	BAIL
nested_trust_success	EQUIV
net_timestamping	BAIL
netcnt_prog	EQUIV
netif_receive_skb	BAIL
netns_cookie_prog	EQUIV
perf_event_stackmap	BAIL
prepare	EQUIV
priv_freplace_prog	EQUIV
priv_map	NOPROGS
priv_prog	EQUIV
pro_epilogue	EQUIV
pro_epilogue_goto_start	EQUIV
pro_epilogue_with_kfunc	EQUIV
profiler1	BAIL
profiler2	BAIL
profiler3	BAIL
pyperf100	TIMEOUT
pyperf180	TIMEOUT
pyperf50	TIMEOUT
pyperf600	TIMEOUT
pyperf600_bpf_loop	BAIL
pyperf600_iter	TIMEOUT
pyperf600_nounroll	TIMEOUT
pyperf_global	TIMEOUT
pyperf_subprogs	TIMEOUT
raw_tp_null	EQUIV
rbtree_btf_fail__add_wrong_type	BAIL
rbtree_btf_fail__wrong_node_type	BAIL
rcu_read_lock	EQUIV
rcu_tasks_trace_gp	EQUIV
read_cgroupfs_xattr	TIMEOUT
read_vsyscall	EQUIV
recursion	BAIL
recvmsg6_prog	EQUIV
recvmsg_unix_prog	BAIL
res_spin_lock	UNKNOWN
rhash	TIMEOUT
security_bpf_map	BAIL
sendmsg4_prog	EQUIV
sendmsg6_prog	EQUIV
sendmsg_unix_prog	BAIL
set_global_vars	EQUIV
sk_storage_omem_uncharge	EQUIV
skb_load_bytes	EQUIV
skb_pkt_end	EQUIV
sock_addr_kern	EQUIV
sock_destroy_prog	EQUIV
sock_iter_batch	BAIL
sock_ops_get_sk	EQUIV
sock_read_xattr	EQUIV
socket_cookie_prog	EQUIV
sockmap_parse_prog	EQUIV
sockmap_tcp_msg_prog	EQUIV
sockopt_inherit	EQUIV
sockopt_multi	EQUIV
sockopt_qos_to_cc	EQUIV
sockopt_sk	EQUIV
stack_arg	EQUIV
stack_arg_kfunc	EQUIV
stacktrace_map	BAIL
stacktrace_map_skip	EQUIV
stream	TIMEOUT
string_kfuncs_failure1	EQUIV
string_kfuncs_failure2	EQUIV
string_kfuncs_success	EQUIV
strobemeta	TIMEOUT
strobemeta_bpf_loop	BAIL
strobemeta_nounroll1	TIMEOUT
strobemeta_nounroll2	TIMEOUT
struct_ops_arena	EQUIV
struct_ops_arena_attach	EQUIV
struct_ops_assoc	EQUIV
struct_ops_assoc_in_timer	EQUIV
struct_ops_assoc_reuse	EQUIV
struct_ops_autocreate	EQUIV
struct_ops_autocreate2	EQUIV
struct_ops_detach	NOPROGS
struct_ops_id_ops_mapping1	EQUIV
struct_ops_id_ops_mapping2	EQUIV
struct_ops_kptr_return	EQUIV
struct_ops_maybe_null	EQUIV
struct_ops_module	EQUIV
struct_ops_multi_pages	EQUIV
struct_ops_nulled_out_cb	EQUIV
struct_ops_private_stack	EQUIV
struct_ops_private_stack_fail	EQUIV
struct_ops_private_stack_recur	EQUIV
struct_ops_refcounted	EQUIV
summarization_freplace	EQUIV
syscall	BAIL
tailcall1	EQUIV
tailcall2	EQUIV
tailcall3	EQUIV
tailcall4	EQUIV
tailcall5	EQUIV
tailcall6	EQUIV
tailcall_bpf2bpf1	EQUIV
tailcall_bpf2bpf2	BAIL
tailcall_bpf2bpf3	BAIL
tailcall_bpf2bpf4	EQUIV
tailcall_bpf2bpf6	EQUIV
tailcall_bpf2bpf_fentry	EQUIV
tailcall_bpf2bpf_fexit	EQUIV
tailcall_bpf2bpf_hierarchy1	EQUIV
tailcall_bpf2bpf_hierarchy2	EQUIV
tailcall_bpf2bpf_hierarchy3	EQUIV
tailcall_bpf2bpf_hierarchy_fentry	EQUIV
tailcall_callback	EQUIV
tailcall_cgrp_storage	EQUIV
tailcall_cgrp_storage_no_storage	EQUIV
tailcall_cgrp_storage_owner	EQUIV
tailcall_freplace	EQUIV
tailcall_poke	EQUIV
tailcall_sleepable	EQUIV
task_local_storage	EQUIV
task_local_storage_exit_creds	EQUIV
task_ls_recursion	EQUIV
task_work_stress	BAIL
tc_bpf2bpf	EQUIV
tc_dummy	EQUIV
tcp_ca_incompl_cong_ops	EQUIV
tcp_ca_kfunc	EQUIV
tcp_ca_unsupp_cong_op	EQUIV
tcp_ca_untrusted_btf_write	BAIL
tcp_ca_update	EQUIV
tcp_ca_write_sk_pacing	EQUIV
tcp_rtt	EQUIV
test_assign_reuse	EQUIV
test_attach_kprobe_sleepable	EQUIV
test_attach_probe	BAIL
test_attach_probe_manual	EQUIV
test_autoattach	EQUIV
test_autoload	BAIL
test_bpf_cookie	EQUIV
test_bpf_ma	BAIL
test_bpf_nf	BAIL
test_btf_decl_tag	EQUIV
test_btf_ext	EQUIV
test_btf_map_in_map	EQUIV
test_btf_newkv	EQUIV
test_btf_nokv	EQUIV
test_btf_skc_cls_ingress	UNKNOWN
test_build_id	BAIL
test_cgroup1_hierarchy	EQUIV
test_cgroup_link	EQUIV
test_check_mtu	EQUIV
test_cls_redirect	TIMEOUT
test_cls_redirect_dynptr	BAIL
test_cls_redirect_subprogs	TIMEOUT
test_core_autosize	BAIL
test_core_read_macros	EQUIV
test_core_reloc_existence	EQUIV
test_core_reloc_flavors	BAIL
test_core_reloc_ints	BAIL
test_core_reloc_kernel	TIMEOUT
test_core_reloc_misc	BAIL
test_core_reloc_mods	BAIL
test_core_reloc_module	EQUIV
test_core_reloc_nesting	BAIL
test_core_reloc_primitives	BAIL
test_core_reloc_type_based	EQUIV
test_core_retro	EQUIV
test_ctx	BAIL
test_custom_sec_handlers	EQUIV
test_d_path_check_rdonly_mem	EQUIV
test_d_path_check_types	BAIL
test_deny_namespace	EQUIV
test_dst_clear	EQUIV
test_enable_stats	EQUIV
test_endian	EQUIV
test_get_stack_rawtp	BAIL
test_get_stack_rawtp_err	BAIL
test_global_data	EQUIV
test_global_func1	EQUIV
test_global_func16	EQUIV
test_global_func2	EQUIV
test_global_func4	EQUIV
test_global_func7	EQUIV
test_global_func8	EQUIV
test_global_func9	EQUIV
test_global_func_args	EQUIV
test_global_func_ctx_args	BAIL
test_global_map_resize	BAIL
test_global_percpu_data	BAIL
test_hash_large_key	EQUIV
test_helper_restricted	EQUIV
test_kernel_flag	EQUIV
test_ksyms	EQUIV
test_ksyms_btf_null_check	EQUIV
test_l4lb	UNKNOWN
test_l4lb_noinline	UNKNOWN
test_l4lb_noinline_dynptr	BAIL
test_ldsx_insn	EQUIV
test_legacy_printk	EQUIV
test_libbpf_get_fd_by_id_opts	BAIL
test_link_pinning	EQUIV
test_log_buf	EQUIV
test_lookup_and_delete	EQUIV
test_lookup_key	EQUIV
test_lwt_ip_encap	EQUIV
test_lwt_redirect	EQUIV
test_lwt_reroute	EQUIV
test_lwt_seg6local	BAIL
test_map_in_map_invalid	EQUIV
test_map_init	EQUIV
test_map_lock	EQUIV
test_map_lookup_percpu_elem	EQUIV
test_map_ops	EQUIV
test_migrate_reuseport	EQUIV
test_misc_tcp_hdr_options	UNKNOWN
test_mmap	EQUIV
test_module_attach	EQUIV
test_netfilter_link_attach	EQUIV
test_ns_current_pid_tgid	EQUIV
test_obj_id	EQUIV
test_overhead	EQUIV
test_parse_tcp_hdr_opt	TIMEOUT
test_parse_tcp_hdr_opt_dynptr	BAIL
test_pe_preserve_elems	EQUIV
test_perf_branches	EQUIV
test_perf_buffer	EQUIV
test_perf_link	EQUIV
test_perf_skip	EQUIV
test_pinning	NOPROGS
test_pinning_devmap	NOPROGS
test_pinning_htab	NOPROGS
test_pinning_invalid	NOPROGS
test_pkt_access	EQUIV
test_pkt_md_access	EQUIV
test_probe_read_user_str	EQUIV
test_probe_user	BAIL
test_ptr_untrusted	EQUIV
test_queue_map	EQUIV
test_raw_tp_test_run	EQUIV
test_rdonly_maps	EQUIV
test_ringbuf	EQUIV
test_seg6_loop	TIMEOUT
test_select_reuseport_kern	BAIL
test_send_signal_kern	EQUIV
test_sig_in_xattr	EQUIV
test_signed_loader	EQUIV
test_signed_loader_data	EQUIV
test_signed_loader_lsm	EQUIV
test_signed_loader_map	EQUIV
test_sk_assign	BAIL
test_sk_assign_libbpf	EQUIV
test_sk_lookup	BAIL
test_sk_lookup_kern	EQUIV
test_sk_storage_trace_itself	EQUIV
test_skb_ctx	EQUIV
test_skb_helpers	EQUIV
test_skmsg_load_helpers	EQUIV
test_sleepable_tracepoints	EQUIV
test_snprintf_single	BAIL
test_sock_fields	BAIL
test_sockmap_change_tail	EQUIV
test_sockmap_drop_prog	EQUIV
test_sockmap_invalid_update	EQUIV
test_sockmap_listen	EQUIV
test_sockmap_msg_pop_data	EQUIV
test_sockmap_pass_prog	EQUIV
test_sockmap_progs_query	EQUIV
test_sockmap_redir	EQUIV
test_sockmap_skb_verdict_attach	EQUIV
test_sockmap_strp	EQUIV
test_spin_lock	EQUIV
test_spin_lock_fail	BAIL
test_stack_map	EQUIV
test_stack_var_off	EQUIV
test_stacktrace_build_id	BAIL
test_static_linked1	EQUIV
test_static_linked2	EQUIV
test_subprogs	EQUIV
test_subprogs_extable	EQUIV
test_subprogs_unused	EQUIV
test_subskeleton_lib2	NOPROGS
test_sysctl_loop1	BAIL
test_sysctl_loop2	BAIL
test_sysctl_prog	BAIL
test_task_local_data	TIMEOUT
test_task_pt_regs	EQUIV
test_task_under_cgroup	EQUIV
test_tc_bpf	EQUIV
test_tc_change_tail	EQUIV
test_tc_dtime	EQUIV
test_tc_edt	EQUIV
test_tc_link	EQUIV
test_tc_neigh	EQUIV
test_tc_neigh_fib	EQUIV
test_tc_peer	EQUIV
test_tc_qevent	EQUIV
test_tc_tunnel	BAIL
test_tcp_custom_syncookie	BAIL
test_tcp_estats	EQUIV
test_tcp_hdr_options	UNKNOWN
test_tcpbpf_kern	EQUIV
test_time_tai	EQUIV
test_trace_ext	EQUIV
test_trace_ext_tracing	EQUIV
test_tracepoint	EQUIV
test_trampoline_count	EQUIV
test_tunnel_kern	BAIL
test_unpriv_bpf_disabled	EQUIV
test_uprobe	EQUIV
test_uprobe_autoattach	EQUIV
test_varlen	BAIL
test_verif_scale1	UNKNOWN
test_verif_scale2	UNKNOWN
test_verif_scale3	UNKNOWN
test_verify_pkcs7_sig	BAIL
test_vmlinux	EQUIV
test_wakeup_source	BAIL
test_xdp	EQUIV
test_xdp_adjust_tail_grow	EQUIV
test_xdp_adjust_tail_shrink	EQUIV
test_xdp_attach_fail	EQUIV
test_xdp_bpf2bpf	EQUIV
test_xdp_context_test_run	EQUIV
test_xdp_devmap_helpers	BAIL
test_xdp_devmap_tailcall	EQUIV
test_xdp_do_redirect	EQUIV
test_xdp_dynptr	BAIL
test_xdp_link	EQUIV
test_xdp_loop	EQUIV
test_xdp_meta	BAIL
test_xdp_noinline	TIMEOUT
test_xdp_pull_data	EQUIV
test_xdp_update_frags	EQUIV
test_xdp_vlan	EQUIV
test_xdp_with_cpumap_frags_helpers	EQUIV
test_xdp_with_cpumap_helpers	EQUIV
test_xdp_with_devmap_frags_helpers	EQUIV
test_xdp_with_devmap_helpers	EQUIV
timer	BAIL
timer_crash	EQUIV
timer_interrupt	BAIL
timer_lockup	EQUIV
timer_mim_reject	EQUIV
timer_start_deadlock	BAIL
timer_start_delete_race	BAIL
token_kallsyms	EQUIV
token_lsm	EQUIV
trace_dummy_st_ops	EQUIV
trace_printk	BAIL
tracing_failure	EQUIV
tracing_multi_bench	EQUIV
tracing_multi_fail	EQUIV
tracing_multi_rollback	EQUIV
tracing_struct	EQUIV
tracing_struct_int128	EQUIV
tracing_struct_many_args	EQUIV
twfw	EQUIV
udp_limit	BAIL
update_map_in_htab	NOPROGS
uprobe_multi_bench	EQUIV
uprobe_multi_consumers	EQUIV
uprobe_multi_pid_filter	EQUIV
uprobe_multi_session	EQUIV
uprobe_multi_session_cookie	EQUIV
uprobe_multi_session_recursive	EQUIV
uprobe_multi_session_single	EQUIV
uprobe_multi_usdt	EQUIV
uprobe_syscall	EQUIV
user_ringbuf_success	BAIL
verifier_kfunc_prog_types	EQUIV
verifier_mtu	EQUIV
vrf_socket_lookup	EQUIV
wq	BAIL
xdp_dummy	EQUIV
xdp_flowtable	BAIL
xdp_metadata	EQUIV
xdp_metadata2	EQUIV
xdp_redirect_map	BAIL
xdp_redirect_multi_kern	EQUIV
xdp_tx	EQUIV
xdpwall	EQUIV
xfrm_info	EQUIV
xsk_xdp_progs	EQUIV
