test_sk_assign_libbpf	3		-
bpf_iter_test_kern1	4		-
bpf_iter_test_kern2	4		-
pyperf100	4		-
pyperf50	4		-
test_queue_map	4		-
test_stack_map	4		-
arena_htab_asm	5		-
btf__core_reloc_misc	5		-
profiler1	5		-
pyperf600_nounroll	5		-
pyperf_global	5		-
pyperf_subprogs	5		-
profiler2	6		-
profiler3	6		bpf2bpf
pyperf600_bpf_loop	6		-
pyperf600_iter	7		-
strobemeta_nounroll1	9		-
strobemeta_nounroll2	9		-
strobemeta	10		-
strobemeta_subprogs	10		-
freplace_dead_global_func	11	freplace+license	-
freplace_int_with_void	11	freplace+license	-
pyperf600	12		-
xdp_tx	12	license+xdp	-
kfunc_call_destructive	13	license+tc	vmlinux
kfunc_call_race	13	license+tc	vmlinux
ksym_race	13	license+tc	vmlinux,kfunc
priv_freplace_prog	13	freplace+license	vmlinux
priv_map	13	.maps+license	maps,vmlinux
priv_prog	13	license+xdp	vmlinux
xdp_dummy	13	license+xdp	-
bad_struct_ops2	14	license+struct_ops	-
fentry_recursive	14	fentry+license	-
lsm_cgroup_nonvoid	14	license+lsm_cgroup	vmlinux
rcu_tasks_trace_gp	14	license+syscall	vmlinux
test_netfilter_link_attach	14	license+netfilter	vmlinux
test_pinning_invalid	14	.maps+license	maps
cgroup_skb_direct_packet_access	15	cgroup_skb+license	vmlinux
freplace_get_constant	15	freplace+license	-
metadata_unused	15	.rodata+cgroup_skb+license	-
metadata_used	15	.rodata+cgroup_skb+license	-
test_perf_skip	15	license+perf_event	vmlinux
uprobe_multi_bench	15	license+uprobe.multi	-
uprobe_syscall	15	license+uprobe	vmlinux
cgroup_getset_retval_hooks	16		-
test_perf_link	16	license+perf_event	vmlinux,atomics
uprobe_multi_usdt	16	license+usdt	vmlinux
bpf_iter_test_kern3	18	iter+license	vmlinux
freplace_connect4	18	freplace+license	-
freplace_global_func	18	freplace+license	bpf2bpf
get_func_ip_uprobe_test	18	license+uprobe	vmlinux
loop3	18	license+raw_tracepoint	vmlinux
tailcall_bpf2bpf_fentry	18	fentry+license	vmlinux
tailcall_bpf2bpf_fexit	18	fexit+license	vmlinux
test_enable_stats	18	license+raw_tracepoint	atomics
test_sockmap_skb_verdict_attach	18	.maps+license+sk_skb	maps,vmlinux
test_trace_ext	18	freplace+license	-
test_xdp_link	18	license+tc+xdp	-
tracing_multi_fail	18	fentry.multi+fentry.multi.s+license	vmlinux
freplace_connect_v4_prog	19	freplace+license	-
skb_load_bytes	19	license+tc	-
struct_ops_forgotten_cb	19	.struct_ops.link+license+struct_ops	vmlinux
test_signed_loader	19	license+socket	vmlinux
token_kallsyms	19	license+xdp	vmlinux
freplace_unreliable_prog	20	freplace+license	vmlinux
get_smp_processor_id	20	license+raw_tp	-
loop4	20	license+socket	-
test_global_func7	20	tc	bpf2bpf
test_signed_loader_data	20	license+socket	vmlinux
test_snprintf_single	20	license+raw_tp	-
test_xdp_context_test_run	20	license+xdp	-
verifier_btf_unreliable_prog	20	kprobe+license	core,vmlinux
bpf_iter_bpf_link	21	iter+license	vmlinux
bpf_iter_test_kern6	21	iter+license	vmlinux
get_cgroup_id_kern	21	license+tracepoint	-
get_func_ip_fsession_test	21	fsession+license	vmlinux
tcp_ca_unsupp_cong_op	21	.struct_ops+license+struct_ops	vmlinux
test_global_func8	21	cgroup_skb	bpf2bpf
trace_dummy_st_ops	21	fentry+license	-
bpf_dctcp_release	22	.struct_ops+license+struct_ops	-
bpf_iter_map_elem	22	iter+license	vmlinux
fib_lookup	22	license+tc	-
lwt_misc	22	license+lwt_xmit	vmlinux
struct_ops_detach	22	.struct_ops.link+license	vmlinux
struct_ops_nulled_out_cb	22	.struct_ops.link+license+struct_ops	vmlinux
test_btf_ext	22	license+xdp	bpf2bpf
test_xdp_devmap_helpers	22	license+xdp	-
tailcall_freplace	23	.maps+freplace+license	maps,tailcall
test_attach_kprobe_sleepable	23	kprobe+license	core,vmlinux
test_autoattach	23	raw_tp	vmlinux
test_sockmap_invalid_update	23	.maps+license+sockops	maps,vmlinux
verifier_typedef	23	fentry+license	vmlinux
atomic_bounds	24	fentry	atomics
freplace_progmap	24	.maps+freplace+license+xdp	maps
getpeername4_prog	24	cgroup+license	core,vmlinux
getsockname4_prog	24	cgroup+license	core,vmlinux
loop1	24	license+raw_tracepoint	vmlinux
loop2	24	license+raw_tracepoint	vmlinux
mptcpify	24	fmod_ret+license	vmlinux
struct_ops_maybe_null_fail	24	.struct_ops.link+license+struct_ops	vmlinux
test_cgroup_link	24	cgroup_skb+license	atomics
test_global_func16	24	cgroup_skb	bpf2bpf
test_log_buf	24	license+raw_tp	-
test_raw_tp_test_run	24	license+raw_tp	vmlinux
test_sockmap_progs_query	24	.maps+license+sk_msg+sk_skb	maps,vmlinux
test_time_tai	24	license+tc	-
test_trampoline_count	24	fentry+fexit+fmod_ret+license	-
xdp_metadata2	24	freplace+license	vmlinux,kfunc
btf_type_tag	25	fentry	vmlinux
fd_htab_lookup	25	.maps+license	maps
fentry_recursive_target	25	fentry+license+raw_tp	-
kprobe_multi_sleepable	25	fentry+kprobe.multi+license	vmlinux
tc_bpf2bpf	25	license+tc	bpf2bpf
test_link_pinning	25	license+raw_tp+tp_btf	-
test_pinning_htab	25	.maps+license	maps,vmlinux,timer
test_probe_read_user_str	25	license+tracepoint	-
test_trace_ext_tracing	25	fentry+fexit+license	vmlinux
test_tracepoint	25	license+tracepoint	vmlinux
cgrp_ls_negative	26	.maps+license+tp_btf	maps,vmlinux
pyperf180	26		-
test_get_stack_rawtp_err	26	license+raw_tracepoint	stacktrace
test_obj_id	26	.maps+raw_tp	maps
bpf_iter_bpf_map	27	iter+license	vmlinux
fexit_bpf2bpf_simple	27	fexit+license	core
prepare	27	.maps+cgroup_skb+license	maps,vmlinux
string_kfuncs_failure2	27	license+syscall	vmlinux
test_sockmap_msg_pop_data	27	.maps+license+sk_msg	maps,vmlinux
test_xdp_with_cpumap_frags_helpers	27	.maps+license+xdp+xdp.frags	maps
test_xdp_with_devmap_frags_helpers	27	.maps+license+xdp+xdp.frags	maps
uptr_map_failure	27	.maps	maps,vmlinux
test_d_path_check_rdonly_mem	28	fentry+license	vmlinux,kfunc
test_kernel_flag	28	license+lsm.s	vmlinux
test_signed_loader_map	28	.maps+license+socket	maps,vmlinux
test_skb_helpers	28	.maps+license+tc	maps,vmlinux
test_subskeleton	28	license+raw_tp	-
verifier_may_goto_2	28	license+raw_tp	iters
find_vma_fail2	29	license+raw_tp	vmlinux
struct_ops_maybe_null	29	.struct_ops.link+license+struct_ops	vmlinux
tcp_ca_incompl_cong_ops	29	.struct_ops+license+struct_ops	-
test_ptr_untrusted	29	license+lsm.s+raw_tracepoint	vmlinux
test_sk_storage_trace_itself	29	.maps+fentry+license	maps,vmlinux
test_xdp_devmap_tailcall	29	.maps+xdp	maps,vmlinux,tailcall
verifier_default_trusted_ptr	29	license+syscall	vmlinux
cgroup_mprog	30	cgroup+license	vmlinux
find_vma_fail1	30	license+raw_tp	vmlinux
for_each_hash_modify	30	.maps+license+tc	maps,vmlinux,iters
livepatch_trampoline	30	fentry+fexit	-
missed_kprobe	30	fentry+kprobe+license	vmlinux
struct_ops_kptr_return	30	.struct_ops.link+license+struct_ops	vmlinux,kfunc
test_deny_namespace	30	license+lsm.s	-
test_signed_loader_lsm	30	license+lsm	vmlinux
test_verif_scale1	30	license+tc	bpf2bpf
test_verif_scale2	30	license+tc	vmlinux
test_verif_scale3	30	license+tc	bpf2bpf
update_map_in_htab	30	.maps+license	maps
getpeername6_prog	31	cgroup+license	core,vmlinux
getsockname6_prog	31	cgroup+license	core,vmlinux
loop5	31	license+socket	-
raw_tp_null	31	license+tp_btf	vmlinux
struct_ops_refcounted	31	.struct_ops.link+license+struct_ops	vmlinux,kfunc
test_build_id	31	license+uprobe.multi+uprobe.multi.s	stacktrace,vmlinux
test_ksyms_btf_null_check	31	license+raw_tp	vmlinux,kfunc
tailcall4	32	.maps+license+tc	maps,tailcall
tailcall_cgrp_storage_owner	32	.maps+cgroup_skb+license	maps,vmlinux,tailcall
tailcall_poke	32	.maps+fentry+license	maps,tailcall
test_d_path_check_types	32	.maps+fentry+license	maps,vmlinux,kfunc
test_ksyms	32	license+raw_tp	kfunc
test_sockmap_drop_prog	32	.maps+license+sk_skb	maps
token_lsm	32	license+lsm	vmlinux
tracing_failure	32	fentry+fexit+license	vmlinux,spinlock
cg_storage_multi_egress_only	33	.maps+cgroup_skb	maps,atomics
lru_lock_nmi	33	.maps+license+perf_event	maps,vmlinux,atomics
nested_acquire	33	license+tp_btf	vmlinux
summarization_freplace	33	freplace+license	vmlinux
tailcall3	33	.maps+license+tc	maps,tailcall
test_core_reloc_ptr_as_arr	33	license+raw_tracepoint	core
test_map_init	33	.maps+license+tp	maps,vmlinux
bpf_iter_bpf_rhash_map	34	.maps+iter+license	maps,vmlinux
bprm_opts	34	.maps+license+lsm	maps
lsm_tailcall	34	.maps+license+lsm	maps,vmlinux,tailcall
map_excl	34	.maps+fentry.s+license	maps
tailcall6	34	.maps+license+tc	maps,tailcall
bpf_iter_test_kern5	35	.maps+iter+license	maps,vmlinux
btf_dump_test_case_multidim	35		-
htab_reuse	35	.maps+license	maps,spinlock
task_local_storage_exit_creds	35	.maps+fentry+license	maps,vmlinux,atomics
verifier_jit_inline	35	fentry+license	vmlinux
test_lwt_reroute	36	license+lwt_xmit	-
test_task_pt_regs	36	license+uprobe	vmlinux
bpf_iter_vma_offset	37	iter+license	vmlinux
get_func_args_fsession_test	37	fsession+license	vmlinux
kfunc_call_test_subprog	37	license+tc	bpf2bpf,kfunc
tailcall_bpf2bpf1	37	.maps+license+tc	maps,bpf2bpf,tailcall
test_endian	37	license+raw_tp	vmlinux
test_libbpf_get_fd_by_id_opts	37	.maps+license+lsm	maps,vmlinux
cgroup_iter	38	iter+license	vmlinux
getpeername_unix_prog	38	cgroup+license	core,vmlinux,cast_kfunc
getsockname_unix_prog	38	cgroup+license	core,vmlinux,cast_kfunc
recvmsg_unix_prog	38	cgroup+license	core,vmlinux,cast_kfunc
test_pe_preserve_elems	38	.maps+license+raw_tp	maps
verifier_mul	38	fentry	-
fentry_many_args	39	fentry+license	-
tailcall5	39	.maps+license+tc	maps,tailcall
test_prog_array_init	39	.maps+raw_tp	maps,vmlinux,tailcall
bpf_iter_bpf_percpu_array_map	40	.maps+iter+license	maps,vmlinux
btf_type_tag_user	40	fentry	vmlinux
cgroup_ancestor	40	license+tc	core,vmlinux
get_branch_snapshot	40	fexit+license	vmlinux
recvmsg4_prog	40	cgroup+license	-
test_autoload	40	fentry+license+raw_tp	core,vmlinux
test_skc_to_unix_sock	40	fentry+license	vmlinux
uprobe_multi_pid_filter	40	license+uprobe.multi	vmlinux
bpf_qdisc_fail__incompl_ops	41	.struct_ops+license+struct_ops	vmlinux
cgroup_preorder	41	cgroup+license	vmlinux
kprobe_write_ctx	41	fentry+freplace+kprobe+kprobe.multi+license	vmlinux
missed_tp_recursion	41	fentry+kprobe+license+tp	vmlinux
csum_diff_test	42	license+tc	-
nested_trust_success	42	.maps+license+tp_btf	maps,vmlinux
tailcall_bpf2bpf_hierarchy1	42	.maps+license+tc	maps,bpf2bpf,tailcall
test_xdp_update_frags	42	license+version+xdp.frags	-
uptr_update_failure	42	.maps+license+syscall	maps,vmlinux,spinlock
iters_task_vma	43	license+raw_tp	vmlinux,iters
mptcp_sockmap	43	.maps+license+sk_skb+sockops	maps
recursion	43	.maps+fentry+license	maps,vmlinux
sockopt_qos_to_cc	43	cgroup+license	-
tailcall_bpf2bpf2	43	.maps+license+tc	maps,bpf2bpf,tailcall
tailcall_sleepable	43	.maps+license+uprobe+uprobe.s	maps,tailcall
tracing_multi_rollback	43	fentry+fentry.multi+fexit.multi+license	vmlinux
uprobe_multi_session_recursive	43	license+uprobe.session	vmlinux
empty_skb	44	license+lwt_xmit+tc	-
struct_ops_private_stack_recur	44	.struct_ops+license+struct_ops	vmlinux,bpf2bpf,kfunc
tailcall_cgrp_storage	44	.maps+cgroup_skb+license	maps,vmlinux,tailcall
task_storage_nodeadlock	44	.maps+license+lsm.s	maps,vmlinux,atomics
test_hash_large_key	44	.maps+license+raw_tracepoint	maps
test_ksyms_btf_write_check	44	license+raw_tp	vmlinux,bpf2bpf,kfunc
uprobe_multi_session_single	44	license+uprobe.session	-
bind_perm	45	cgroup+license	-
connect_unix_prog	45	cgroup+license	core,vmlinux,cast_kfunc
inner_array_lookup	45	.maps+license+raw_tp	maps
sendmsg_unix_prog	45	cgroup+license	core,vmlinux,cast_kfunc
tailcall_bpf2bpf6	45	.maps+license+tc	maps,bpf2bpf,tailcall
tailcall_bpf2bpf_hierarchy_fentry	45	.maps+fentry+license	maps,vmlinux,bpf2bpf,tailcall
test_btf_nokv	45	.maps+dummy_tracepoint+license	maps,bpf2bpf
test_sockmap_change_tail	45	.maps+license+sk_skb	maps,vmlinux
recvmsg6_prog	46	cgroup+license	-
test_btf_newkv	46	.maps+dummy_tracepoint+license	maps,bpf2bpf
test_core_reloc_primitives	46	license+raw_tracepoint	core
test_lookup_key	46	license+lsm.s	vmlinux,kfunc
tailcall1	47	.maps+license+tc	maps,tailcall
test_core_reloc_ints	47	license+raw_tracepoint	core
test_xdp_with_cpumap_helpers	47	.maps+license+xdp+xdp.frags	maps
uprobe_multi_session_cookie	47	license+uprobe.session	vmlinux
kptr_xchg_inline	48	.bss.+license+tc	-
load_bytes_relative	48	.maps+cgroup_skb	maps
test_ctx	48	fentry+license+syscall	vmlinux,atomics,kfunc
test_fsverity	48	license+lsm.s	vmlinux
timer_interrupt	48	.maps+fentry+license	maps,vmlinux,timer
bpf_iter_task_btf	49	iter+license	core
for_each_multi_maps	49	.maps+license+tc	maps,vmlinux,iters
lru_bug	49	.maps+fentry+license	maps,vmlinux
test_core_reloc_nesting	49	license+raw_tracepoint	core
test_global_func2	49	tc	bpf2bpf
test_xdp_adjust_tail_grow	49	license+xdp	-
verifier_arena_globals2	49	.maps+license+syscall	maps,vmlinux,arena
bpf_iter_bpf_percpu_hash_map	50	.maps+iter+license	maps,vmlinux
test_btf_decl_tag	50	.maps+fentry	maps,vmlinux,bpf2bpf
test_core_read_macros	50	license+raw_tracepoint	core,vmlinux
test_ksyms_module	50	license+tc	vmlinux,kfunc
test_xdp_with_devmap_helpers	50	.maps+license+xdp+xdp.frags	maps
test_mmap	51	.maps+license+raw_tracepoint	maps
test_stack_var_off	51	license+tracepoint	-
test_subprogs_extable	51	.maps+fexit+license	maps,vmlinux,iters
bpf_iter_bpf_sk_storage_map	52	.maps+iter+license	maps,vmlinux
bpf_iter_test_kern4	52	iter+license	vmlinux
exhandler_kern	52	license+tp_btf	core,vmlinux
rbtree_btf_fail__add_wrong_type	52	.data.+license+tc	core,vmlinux,spinlock
struct_ops_autocreate	52	.struct_ops+.struct_ops.link+license+struct_ops	-
test_ns_current_pid_tgid	52	.maps+cgroup+license+sk_msg+tracepoint	maps
test_xdp_adjust_tail_shrink	52	license+xdp	-
bpf_iter_bpf_array_map	53	.maps+iter+license	maps,vmlinux
connect_ping	53	cgroup+license	atomics
sk_storage_omem_uncharge	53	.maps+fentry+fexit+license	maps,core,vmlinux
test_attach_probe_manual	53	kprobe+kretprobe+license+uprobe+uretprobe	core,vmlinux
test_perf_branches	53	license+perf_event	-
missed_kprobe_recursion	54	fentry+kprobe+kprobe.multi+kprobe.session+license	vmlinux
strncmp_test	54	license+tp	-
timer_crash	54	.maps+fentry+license	maps,vmlinux,spinlock,timer
arena_spin_lock	55	.maps+license+tc	maps,vmlinux,arena
test_global_func4	55	tc	bpf2bpf
test_ksyms_btf	55	license+raw_tp	vmlinux,kfunc
bpf_iter_ipv6_route	56	iter+license	vmlinux
dummy_st_ops_success	56	.struct_ops+license+struct_ops+struct_ops.s	vmlinux
normal_map_btf	56	.maps+fentry+license	maps,vmlinux,spinlock
struct_ops_private_stack	56	.struct_ops+license+struct_ops	vmlinux,bpf2bpf,kfunc
struct_ops_private_stack_fail	56	.struct_ops+license+struct_ops	vmlinux,bpf2bpf,kfunc
test_core_reloc_bitfields_probed	56	license+raw_tracepoint	core
cg_storage_multi_isolated	57	.maps+cgroup_skb	maps,atomics
cg_storage_multi_shared	57	.maps+cgroup_skb	maps,atomics
kprobe_multi_session_cookie	57	fentry+kprobe.session+license	vmlinux
mmap_inner_array	57	.maps+fentry+license	maps,vmlinux
test_dst_clear	57	license+tc	vmlinux,kfunc,cast_kfunc
bpf_iter_setsockopt	58	iter+license	vmlinux
cgroup_getset_retval_getsockopt	58	cgroup	atomics
epilogue_tailcall	58	.maps+.struct_ops.link+license+struct_ops+syscall	maps,vmlinux,bpf2bpf,tailcall
sendmsg4_prog	58	cgroup+license	-
tailcall2	58	.maps+license+tc	maps,tailcall
twfw	58	.maps+cgroup_skb	maps
arena_htab	59	.maps+license+syscall	maps,core,vmlinux,iters,arena
bpf_iter_sockmap	59	.maps+iter+license	maps,vmlinux
dev_cgroup	59	cgroup+license	-
jit_probe_mem	59	license+tc	vmlinux
perf_event_stackmap	59	.maps+license+perf_event	stacktrace,maps,vmlinux
read_vsyscall	59	fentry+fentry.s+license	vmlinux,kfunc
struct_ops_id_ops_mapping1	59	.struct_ops.link+license+struct_ops+syscall+tp_btf	vmlinux
struct_ops_id_ops_mapping2	59	.struct_ops.link+license+struct_ops+syscall+tp_btf	vmlinux
udp_limit	59	.maps+cgroup	maps,atomics
verifier_xdp	59	.maps+license+xdp	maps
bpf_iter_setsockopt_unix	60	iter+license	vmlinux
btf_data	60		-
read_cgroupfs_xattr	60	license+lsm.s	core,vmlinux,iters
test_core_reloc_misc	60	license+raw_tracepoint	core
test_sockmap_strp	60	.maps+license+sk_skb	maps
test_sockmap_pass_prog	61	.maps+license+sk_skb	maps
bpf_iter_task_vmas	62	iter+license	vmlinux
test_map_lock	62	.maps+cgroup+license	maps,spinlock
btf_dump_test_case_ordering	63		-
string_kfuncs_success	63	license+syscall	vmlinux
task_ls_uptr	63	.maps+license+tp_btf	maps,vmlinux,kfunc
tcp_ca_write_sk_pacing	63	.struct_ops+license+struct_ops	atomics
test_core_reloc_arrays	63	license+raw_tracepoint	core
test_core_reloc_bitfields_direct	63	license+tp_btf	core
verifier_gotol	63	license+socket	-
skb_pkt_end	64	license+tc	core,vmlinux
bpf_iter_bpf_sk_storage_helpers	65	.maps+iter+license	maps,vmlinux
sock_addr_kern	65	license+syscall	vmlinux
tcp_rtt	65	.maps+license+sockops	maps
test_core_extern	65	license+raw_tp	-
test_core_reloc_flavors	65	license+raw_tracepoint	core
test_task_local_data	65	license+syscall	vmlinux
test_xdp_bpf2bpf	66	.maps+fentry+fexit+license	maps
verifier_call_large_imm	66	license+syscall	bpf2bpf
cgroup_storage	67	.maps+cgroup+cgroup_skb+license	maps,atomics
test_fill_link_info	67	fentry.multi+kprobe+kprobe.multi+license+perf_event+tracepoint+uprobe+uprobe.multi	vmlinux
test_stacktrace_build_id	67	.maps+kprobe+license	stacktrace,maps
bpf_iter_task_stack	68	iter+license	vmlinux
decap_sanity	68	license+tc	vmlinux,kfunc,cast_kfunc
stacktrace_map_skip	68	.maps+license+tracepoint	stacktrace,maps,vmlinux
test_sockmap_redir	68	.maps+license+sk_	maps
find_vma	69	license+perf_event+raw_tp	vmlinux
netcnt_prog	69	.maps+cgroup+license	maps,atomics
test_send_signal_kern	69	license+perf_event+tracepoint	vmlinux,kfunc
test_core_reloc_enum64val	70	license+raw_tracepoint	core
test_skmsg_load_helpers	70	.maps+license+sk_msg+sk_skb	maps,vmlinux
test_urandom_usdt	70	license+usdt	vmlinux,atomics
timer_start_deadlock	70	.maps+license+syscall+tp_btf	maps,vmlinux,timer
uprobe_multi_session	70	license+uprobe.session+uprobe.session.s	vmlinux
bpf_iter_ksym	71	iter+license	vmlinux,kfunc
bpf_iter_udp4	71	iter+license	vmlinux
tailcall_bpf2bpf3	71	.maps+license+tc	maps,bpf2bpf,tailcall
test_cgroup1_hierarchy	71	fentry+license+lsm+lsm.s	core,vmlinux,kfunc
test_ksyms_weak	71	license+raw_tp	vmlinux,kfunc
test_sysctl_loop2	71	cgroup+license	bpf2bpf
exceptions_ext	72	fentry+fexit+fmod_ret+freplace+license	vmlinux,bpf2bpf
tailcall_bpf2bpf_hierarchy3	72	.maps+license+tc	maps,bpf2bpf,tailcall
test_core_reloc_enumval	72	license+raw_tracepoint	core
test_sysctl_prog	72	cgroup+license	-
btf_dump_test_case_namespacing	73		-
btf_type_tag_percpu	73	fentry+license+tp_btf	vmlinux
for_each_array_map_elem	73	.maps+license+tc	maps,vmlinux,iters
map_in_map_btf	73	.maps+fentry+license	maps,vmlinux,spinlock
task_work_stress	73	.maps+license+syscall	maps,vmlinux,atomics
test_legacy_printk	73	.maps+license+tp	maps
test_sysctl_loop1	73	cgroup+license	-
uprobe_syscall_executed	73	license+uprobe+uprobe.multi+uprobe.session+uretprobe+uretprobe.multi+usdt	vmlinux
bpf_qdisc_dynptr_use_after_invalidate_clone	74	.struct_ops+license+struct_ops	vmlinux
tcp_ca_update	74	.struct_ops+.struct_ops.link+license+struct_ops	-
test_core_reloc_mods	74	license+raw_tracepoint	core
test_log_fixup	74	.maps+license+raw_tp	maps,core,bpf2bpf,kfunc
timer_mim_reject	74	.maps+fentry+license	maps,timer
iters_css	75	fentry.s+license	vmlinux,kfunc,iters
struct_ops_assoc_reuse	75	.struct_ops.link+license+struct_ops+syscall	vmlinux
stacktrace_ips	76	.maps+fentry+fexit+kprobe+kprobe.multi+license+raw_tp	stacktrace,maps,vmlinux
test_map_lookup_percpu_elem	76	.maps+license+tp	maps,vmlinux,iters
struct_ops_assoc_in_timer	77	.maps+.struct_ops.link+license+struct_ops+syscall	maps,vmlinux,bpf2bpf,timer
test_core_reloc_size	77	license+raw_tracepoint	core
test_snprintf	77	license+raw_tp	kfunc
test_task_under_cgroup	77	license+lsm.s+tp_btf	vmlinux,kfunc
bpf_iter_udp6	78	iter+license	vmlinux
summarization	78	license+tc+uprobe.s	vmlinux,bpf2bpf
tailcall_bpf2bpf4	78	.maps+license+tc	maps,bpf2bpf,tailcall
test_core_reloc_existence	78	license+raw_tracepoint	core
verifier_value_adj_spill	78	.maps+license+socket	maps
type_cast	79	.maps+license+tc+tp_btf+tracepoint+xdp	maps,core,vmlinux,cast_kfunc
fexit_test	80	fexit+license	-
task_ls_recursion	80	.maps+fentry+license+tp_btf	maps,vmlinux
free_timer	81	.maps+license+syscall	maps,iters,timer
epilogue_exit	82	.struct_ops.link+license+struct_ops+syscall	vmlinux
bloom_filter_map	83	.maps+fentry+license	maps,iters
tailcall_bpf2bpf_hierarchy2	83	.maps+license+tc	maps,bpf2bpf,tailcall
task_local_storage	83	.maps+fexit+license+tp_btf	maps,vmlinux,atomics
test_unpriv_bpf_disabled	83	.maps+fentry+license+perf_event	maps,vmlinux
test_get_xattr	84	license+lsm.s	vmlinux
test_rdonly_maps	84	license+raw_tracepoint	-
test_tc_peer	85	license+tc	-
test_sig_in_xattr	87	license+lsm.s	vmlinux
timer_lockup	87	.maps+license+tc	maps,timer
verifier_arena_globals1	87	.maps+license+syscall	maps,vmlinux,arena
kprobe_multi_session	88	fentry+kprobe.session+license	kfunc
mptcp_sock	88	.maps+fentry+license+sockops	maps,core
pro_epilogue_with_kfunc	88	.struct_ops.link+license+struct_ops+syscall	vmlinux,bpf2bpf
test_d_path	88	fentry+license	vmlinux
test_ringbuf_multi	88	.maps+license+tp	maps
timer_mim	88	.maps+fentry+license	maps,timer
vrf_socket_lookup	89	license+tc+xdp	-
bpf_iter_unix	90	.maps+iter+license	maps,vmlinux
sockopt_multi	90	cgroup+license	-
struct_ops_module	90	.struct_ops.link+license+struct_ops	vmlinux
test_lwt_redirect	90	license+redir_egress+redir_egress_nomac+redir_ingress+redir_ingress_nomac	-
test_global_func_args	91	.maps+cgroup_skb+license	maps,bpf2bpf
btf_dump_test_case_bitfields	92		-
connect_force_port4	92	.maps+cgroup+license	maps
test_verify_pkcs7_sig	92	.maps+license+lsm.s	maps,vmlinux
test_wakeup_source	92	.maps+license+syscall	maps,core,vmlinux,kfunc,iters
access_map_in_map	93	.maps+fentry.s+kprobe+license	maps
cgrp_ls_recursion	94	.maps+fentry+license+tp_btf	maps,vmlinux,kfunc
for_each_hash_map_elem	95	.maps+license+tc	maps,vmlinux,iters
loop6	95	kprobe+license	core,vmlinux
tracing_struct_many_args	95	fentry+fexit+license	vmlinux
lsm_bdev	96	.maps+license+lsm+lsm.s	maps,vmlinux,atomics
uretprobe_stack	96	license+uprobe+uretprobe+usdt	stacktrace,vmlinux
test_skeleton	98	.data.dyn+.data.non_mmapable+.data.read_mostly+.maps+.rodata.dyn+license+raw_tp	maps
connect6_prog	99	cgroup+license	-
ip_check_defrag	99	license+netfilter	vmlinux
socket_cookie_prog	99	.maps+cgroup+fexit+license+sockops	maps,vmlinux
bpf_mod_race	100	fexit+fmod_ret.s+license	vmlinux
cgrp_ls_attach_cgroup	100	.maps+cgroup+fexit+license+sockops	maps,vmlinux
verifier_bitfield_write	100	license+tc	core
iters_css_task	102	fentry.s+iter+license+lsm	vmlinux,kfunc,iters
modify_return	102	fentry+fexit+fmod_ret+license	-
struct_ops_multi_pages	102	.struct_ops.link+license+struct_ops	vmlinux
test_get_stack_rawtp	102	.maps+license+raw_tracepoint	stacktrace,maps
connect_force_port6	103	.maps+cgroup+license	maps
ima	103	.maps+license+lsm.s	maps,vmlinux
netns_cookie_prog	103	.maps+cgroup_skb+license+sk_msg+sockops+tcx	maps,vmlinux
verifier_vfs_accept	103	license+lsm+lsm.s	vmlinux
test_core_reloc_module	104	license+raw_tp+tp_btf	core,vmlinux
get_func_ip_test	105	fentry+fexit+fmod_ret+kprobe+kretprobe+license+uprobe+uretprobe	vmlinux,kfunc
struct_ops_assoc	105	.struct_ops.link+license+struct_ops+syscall+tp_btf	vmlinux
preempted_bpf_ma_op	106	.maps+fentry+license	maps,vmlinux,iters,spinlock
set_global_vars	106	license+socket	-
sk_bypass_prot_mem	106	cgroup+fentry+license	core,kfunc,iters
task_work	106	.maps+license+perf_event	maps,vmlinux
test_global_data	106	.maps+license+tc	maps
test_tc_change_tail	106	license+tc	vmlinux
verifier_tailcall_jit	106	.maps+license+tc	maps,bpf2bpf,tailcall
bpf_syscall_macro	108	kprobe+ksyscall+license	core,vmlinux
kmem_cache_iter	108	.maps+iter+license+raw_tp+syscall	maps,vmlinux,kfunc,iters
percpu_alloc_cgrp_local_storage	109	.maps+fentry+license	maps,iters
verifier_may_goto_1	109	license+raw_tp	-
sockopt_inherit	110	.maps+cgroup+license	maps
string_kfuncs_failure1	111	license+syscall	vmlinux
test_sk_storage_tracing	111	.maps+fentry+fexit+license+tp_btf	maps,core,vmlinux
test_tc_edt	111	.maps+license+tc	maps
xdp_metadata	111	.maps+license+xdp	maps,vmlinux,kfunc
xdp_redirect_multi_kern	111	.maps+license+xdp	maps
test_sleepable_tracepoints	112	license+raw_tp.s+raw_tracepoint.s+tp.s+tp_btf.s+tracepoint.s	core,vmlinux
cb_refs	114	.maps+license+tc	maps,vmlinux,bpf2bpf,iters
test_parse_tcp_hdr_opt_dynptr	114	license+xdp	-
verifier_jit_convergence	114	.maps+license+socket	maps
test_core_reloc_type_id	115	license+raw_tracepoint	core
sock_ops_get_sk	117	license+sockops	vmlinux
test_core_reloc_kernel	117	license+raw_tracepoint	core
test_uprobe_autoattach	117	license+uprobe+uretprobe	core,vmlinux
test_parse_tcp_hdr_opt	118	license+xdp	-
sendmsg6_prog	119	cgroup+license	-
bpf_iter_bpf_hash_map	123	.maps+iter+iter.s+license	maps,vmlinux
icmp_send	123	cgroup_skb+license	vmlinux,atomics
test_helper_restricted	123	.maps+kprobe+license+perf_event+raw_tp+tp	maps,spinlock,timer
test_subprogs	124	.maps+license+raw_tp	maps,core,vmlinux,bpf2bpf,iters
verifier_bpf_get_stack	124	.maps+iter+license+tracepoint	stacktrace,maps
test_ldsx_insn	125	cgroup+fentry+license+raw_tp+tc	vmlinux
xsk_xdp_progs	125	.maps+license+xdp+xdp.frags	maps
bpf_qdisc_fifo	126	.struct_ops+license+struct_ops	vmlinux,iters,spinlock
cgrp_ls_tp_btf	126	.maps+license+tp_btf	maps,vmlinux,atomics,kfunc
test_module_attach	127	fentry+fexit+fmod_ret+kprobe.multi+license+raw_tp+raw_tp.w+tp_btf	core,vmlinux
mptcp_subflow	128	.maps+cgroup+license+sockops	maps,core,vmlinux,atomics
test_xdp_do_redirect	128	license+tc+xdp	vmlinux
tcp_ca_kfunc	129	.struct_ops+license+struct_ops	vmlinux,kfunc
sock_iter_batch	133	iter+license	core,vmlinux
test_set_remove_xattr	133	license+lsm.s	vmlinux
test_global_func9	134	.maps+cgroup_skb	maps,bpf2bpf
test_migrate_reuseport	135	.maps+license+sk_reuseport+xdp	maps,atomics
test_tc_neigh	136	license+tc	-
test_bpf_cookie	137	fentry+fexit+fmod_ret+kprobe+kretprobe+license+lsm+perf_event+raw_tp+tp+tp_btf+uprobe+uretprobe	vmlinux
test_map_ops	138	.maps+license+tp	maps,vmlinux,iters
test_sockmap_listen	140	.maps+license+sk_msg+sk_reuseport+sk_skb	maps
bpf_smc	141	.maps+.struct_ops+fentry+fmod_ret+license+struct_ops	maps,core,vmlinux
test_assign_reuse	142	.maps+license+sk_reuseport+tc	maps
cgrp_ls_sleepable	143	.maps+fentry.s+fexit+iter.s+license	maps,vmlinux,kfunc
uprobe_multi	143	license+uprobe.multi+uprobe.multi.s+uretprobe.multi+uretprobe.multi.s+usdt	vmlinux
verifier_div_overflow	144	license+tc	-
file_reader	145	.maps+license+lsm	maps,vmlinux,iters
sock_destroy_prog	145	.maps+cgroup+iter+license	maps,vmlinux,kfunc
arena_strsearch	146	.maps+license+syscall	maps,vmlinux,arena
res_spin_lock	147	.data.A+.data.B+.maps+license+tc	maps,vmlinux
pro_epilogue_goto_start	149	.struct_ops.link+license+struct_ops+syscall	vmlinux
test_btf_map_in_map	150	.maps+license+raw_tp	maps
xdp_flowtable	151	.maps+license+xdp.frags	maps,vmlinux,atomics,kfunc
test_pkt_access	152	tc	bpf2bpf
btf_dump_test_case_packing	153		-
kfree_skb	153	.maps+fentry+fexit+license+tp_btf	maps,core
test_usdt	153	license+usdt	vmlinux,atomics,iters
pro_epilogue	154	.struct_ops.link+license+struct_ops+syscall	vmlinux,bpf2bpf
test_tcpbpf_kern	154	license+sockops	-
cgroup_hierarchical_stats	156	.maps+fentry+iter.s+license+tp_btf	maps,core,vmlinux,kfunc
test_core_reloc_type_based	157	license+raw_tracepoint	core
kprobe_multi	162	fentry+kprobe.multi+kretprobe.multi+license	kfunc
test_varlen	163	license+raw_tp+tp	core,vmlinux
stack_arg_kfunc	166	.maps+license+tc	maps,vmlinux,kfunc,timer
tracing_struct	166	fentry+fexit+license	vmlinux
bind4_prog	167	cgroup+license	-
get_func_args_test	167	fentry+fexit+fmod_ret+license+tp_btf	vmlinux
verifier_kfunc_prog_types	170	license+perf_event+raw_tp+syscall+tracepoint	vmlinux
test_global_func_ctx_args	172	kprobe+license+perf_event+raw_tp	stacktrace,core,vmlinux
test_sk_lookup_kern	178	license+tc	-
fsession_test	179	fentry+fexit+fsession+license	vmlinux
bpf_cc_cubic	180	.struct_ops+license+struct_ops	kfunc
test_core_autosize	182	license+raw_tp	core
lsm	183	.maps+fentry.s+license+lsm+lsm.s	maps,core,vmlinux
test_select_reuseport_kern	183	.maps+license+sk_reuseport	maps
bind6_prog	184	cgroup+license	-
crypto_sanity	186	license+syscall+tc	vmlinux
fexit_bpf2bpf	188	fexit+freplace+license	core,bpf2bpf
kfunc_call_fail	193	license+syscall+tc	vmlinux
test_sk_assign	194	.maps+license+maps+tc	maps
test_btf_skc_cls_ingress	196	license+tc	-
map_kptr_race	197	.maps+fentry+fexit+license+syscall+tc+tp_btf	maps,vmlinux
bpf_iter_tasks	198	iter+iter.s+license	vmlinux
connect4_prog	203	cgroup+license	bpf2bpf
wq	206	.maps+license+syscall+tc	maps,spinlock,timer
syscall	208	.maps+license+syscall	maps
user_ringbuf_success	212	.maps+fentry+license	maps,atomics,iters
local_storage	213	.maps+license+lsm+lsm.s	maps,vmlinux
verifier_div0	213	license+socket+tc	-
lsm_cgroup	222	.maps+license+lsm_cgroup	maps,vmlinux
percpu_alloc_array	222	.maps+cgroup_skb+fentry+fentry.s+license	maps,kfunc,iters
bpf_loop	225	.maps+fentry+license	maps,vmlinux,iters
test_xdp_loop	230	.maps+license+xdp	maps
bpf_iter_tcp4	233	iter+license	vmlinux
test_xdp	234	.maps+license+xdp	maps
cgrp_kfunc_success	235	license+syscall+tp_btf	vmlinux,atomics
iters_num	242	license+raw_tp	vmlinux,iters
net_timestamping	248	.maps+fentry+license+sockops	maps,core,vmlinux,kfunc,cast_kfunc
rhash	248	.maps+license+syscall	maps,vmlinux
bpf_iter_tcp6	249	iter+license	vmlinux
btf_dump_test_case_padding	249		-
netif_receive_skb	252	.maps+license+tp_btf	maps,core
sockopt_sk	254	.maps+cgroup+license	maps
test_xdp_dynptr	256	.maps+license+xdp	maps
test_tcp_estats	257	.maps+license+tp	maps
bpf_dctcp	258	.maps+.struct_ops+license+struct_ops	maps,core,kfunc
test_seg6_loop	262	license+lwt_seg6local	-
stack_arg	273	.maps+license+tc	maps,vmlinux,bpf2bpf,timer
test_xdp_vlan	279	license+tc+xdp	-
btf_dump_test_case_syntax	280		-
local_kptr_stash	285	.maps+license+tc	maps,core,vmlinux,spinlock
test_bpf_ma	285	.maps+fentry+license	maps,vmlinux
stream	290	.bss.+.maps+license+syscall	maps,vmlinux,bpf2bpf,iters,spinlock,timer,arena
test_check_mtu	302	license+tc+xdp	-
test_sock_fields	310	.maps+cgroup_skb+license	maps,bpf2bpf,spinlock
kfunc_call_test	315	.maps+license+syscall+tc	maps,vmlinux
verifier_arena_large	316	.maps+license+socket+syscall	maps,vmlinux,bpf2bpf,iters,arena
test_spin_lock_fail	317	.data.A+.data.B+.maps+license+syscall+tc	maps,vmlinux,bpf2bpf,spinlock
rbtree	323	.data.+license+tc	core,vmlinux,spinlock
test_misc_tcp_hdr_options	342	license+sockops	-
verifier_runtime_jit	360	.maps+license+socket	maps,tailcall
xdpwall	364	.maps+license+xdp	maps
test_bpf_nf	365	license+tc+xdp	vmlinux,kfunc
cgroup_tcp_skb	382	cgroup_skb+license	-
test_tc_dtime	392	license+tc	-
verifier_masking	410	license+socket	-
task_kfunc_success	418	license+syscall+tp_btf	core,vmlinux,kfunc
bpf_flow	437	.maps+flow_dissector+license	maps,tailcall
setget_sockopt	457	cgroup+license+lsm_cgroup+sockops	core,vmlinux,iters
test_l4lb_noinline	470	.maps+license+tc	maps,bpf2bpf
test_l4lb	471	.maps+license+tc	maps
test_l4lb_noinline_dynptr	487	.maps+license+tc	maps,bpf2bpf
linked_list	491	license+syscall+tc	core,vmlinux,spinlock
exceptions	496	.maps+license+tc	maps,core,vmlinux,bpf2bpf,tailcall
timer	517	.maps+fentry+license+perf_event+syscall	maps,vmlinux,atomics,spinlock,timer
rcu_read_lock	551	.maps+fentry+fentry.s+license+lsm.s	maps,vmlinux,bpf2bpf,kfunc
bpf_cubic	554	.struct_ops+license+struct_ops	kfunc
test_tcp_custom_syncookie	591	license+tc	vmlinux,iters
test_tcp_hdr_options	623	.maps+license+sockops	maps
linked_list_fail	634	kprobe+kretprobe+license+perf_event+raw_tp+raw_tp.w+tc+tracepoint	core,vmlinux,spinlock
verifier_bounds_deduction_non_const	639	license+socket	-
map_kptr	653	.maps+license+lsm+syscall+tc+tp_btf	maps,vmlinux
test_sk_lookup	660	.maps+license+sk_lookup+sk_reuseport	maps
test_xdp_meta	692	license+lwt_xmit+tc+xdp	vmlinux
test_tc_tunnel	702	license+tc	vmlinux
bpf_qdisc_fq	751	.maps+.struct_ops+license+struct_ops	maps,vmlinux,iters,spinlock
test_xdp_noinline	811	.maps+license+xdp	maps,bpf2bpf
cpumask_success	890	license+tp_btf	vmlinux,iters
test_cls_redirect_dynptr	981	.maps+license+tc	maps
test_tunnel_kern	1025	.maps+license+tc+xdp	maps,core,vmlinux,kfunc
dynptr_success	1137	.maps+cgroup_skb+fentry.s+license+tc+tp+tp_btf+xdp	maps,vmlinux,iters
verifier_sdiv	1282	license+socket	-
